<?xml version="1.0" encoding="UTF-8"?>
<spirit:component xmlns:xilinx="http://www.xilinx.com"
		xmlns:spirit="http://www.spiritconsortium.org/XMLSchema/SPIRIT/1685-2009"
		xmlns:xsi="http://www.w3.org/2001/XMLSchema-instance">
	<spirit:vendor>xilinx.com</spirit:vendor>
	<spirit:library>customized_ip</spirit:library>
	<spirit:name>System_rst_clk_wiz_1_100M_0</spirit:name>
	<spirit:version>1.0</spirit:version>
	<spirit:busInterfaces>
		<spirit:busInterface>
			<spirit:name>clock</spirit:name>
			<spirit:displayName>Clock</spirit:displayName>
			<spirit:busType spirit:vendor="xilinx.com"
					spirit:library="signal"
					spirit:name="clock"
					spirit:version="1.0"/>
			<spirit:abstractionType spirit:vendor="xilinx.com"
					spirit:library="signal"
					spirit:name="clock_rtl"
					spirit:version="1.0"/>
			<spirit:slave/>
			<spirit:portMaps>
				<spirit:portMap>
					<spirit:logicalPort>
						<spirit:name>CLK</spirit:name>
					</spirit:logicalPort>
					<spirit:physicalPort>
						<spirit:name>slowest_sync_clk</spirit:name>
					</spirit:physicalPort>
				</spirit:portMap>
			</spirit:portMaps>
			<spirit:parameters>
				<spirit:parameter>
					<spirit:name>ASSOCIATED_RESET</spirit:name>
					<spirit:value spirit:id="BUSIFPARAM_VALUE.CLOCK.ASSOCIATED_RESET">mb_reset:bus_struct_reset:interconnect_aresetn:peripheral_aresetn:peripheral_reset</spirit:value>
				</spirit:parameter>
			</spirit:parameters>
		</spirit:busInterface>
		<spirit:busInterface>
			<spirit:name>ext_reset</spirit:name>
			<spirit:displayName>Ext_Reset</spirit:displayName>
			<spirit:busType spirit:vendor="xilinx.com"
					spirit:library="signal"
					spirit:name="reset"
					spirit:version="1.0"/>
			<spirit:abstractionType spirit:vendor="xilinx.com"
					spirit:library="signal"
					spirit:name="reset_rtl"
					spirit:version="1.0"/>
			<spirit:slave/>
			<spirit:portMaps>
				<spirit:portMap>
					<spirit:logicalPort>
						<spirit:name>RST</spirit:name>
					</spirit:logicalPort>
					<spirit:physicalPort>
						<spirit:name>ext_reset_in</spirit:name>
					</spirit:physicalPort>
				</spirit:portMap>
			</spirit:portMaps>
			<spirit:parameters>
				<spirit:parameter>
					<spirit:name>BOARD.ASSOCIATED_PARAM</spirit:name>
					<spirit:value spirit:id="BUSIFPARAM_VALUE.EXT_RESET.BOARD.ASSOCIATED_PARAM">RESET_BOARD_INTERFACE</spirit:value>
					<spirit:vendorExtensions>
						<xilinx:parameterInfo>
							<xilinx:enablement>
								<xilinx:presence>required</xilinx:presence>
							</xilinx:enablement>
						</xilinx:parameterInfo>
					</spirit:vendorExtensions>
				</spirit:parameter>
			</spirit:parameters>
		</spirit:busInterface>
		<spirit:busInterface>
			<spirit:name>aux_reset</spirit:name>
			<spirit:displayName>aux_reset</spirit:displayName>
			<spirit:busType spirit:vendor="xilinx.com"
					spirit:library="signal"
					spirit:name="reset"
					spirit:version="1.0"/>
			<spirit:abstractionType spirit:vendor="xilinx.com"
					spirit:library="signal"
					spirit:name="reset_rtl"
					spirit:version="1.0"/>
			<spirit:slave/>
			<spirit:portMaps>
				<spirit:portMap>
					<spirit:logicalPort>
						<spirit:name>RST</spirit:name>
					</spirit:logicalPort>
					<spirit:physicalPort>
						<spirit:name>aux_reset_in</spirit:name>
					</spirit:physicalPort>
				</spirit:portMap>
			</spirit:portMaps>
		</spirit:busInterface>
		<spirit:busInterface>
			<spirit:name>dbg_reset</spirit:name>
			<spirit:displayName>DBG_Reset</spirit:displayName>
			<spirit:busType spirit:vendor="xilinx.com"
					spirit:library="signal"
					spirit:name="reset"
					spirit:version="1.0"/>
			<spirit:abstractionType spirit:vendor="xilinx.com"
					spirit:library="signal"
					spirit:name="reset_rtl"
					spirit:version="1.0"/>
			<spirit:slave/>
			<spirit:portMaps>
				<spirit:portMap>
					<spirit:logicalPort>
						<spirit:name>RST</spirit:name>
					</spirit:logicalPort>
					<spirit:physicalPort>
						<spirit:name>mb_debug_sys_rst</spirit:name>
					</spirit:physicalPort>
				</spirit:portMap>
			</spirit:portMaps>
			<spirit:parameters>
				<spirit:parameter>
					<spirit:name>POLARITY</spirit:name>
					<spirit:value spirit:id="BUSIFPARAM_VALUE.DBG_RESET.POLARITY">ACTIVE_HIGH</spirit:value>
				</spirit:parameter>
			</spirit:parameters>
		</spirit:busInterface>
		<spirit:busInterface>
			<spirit:name>mb_rst</spirit:name>
			<spirit:displayName>MB_rst</spirit:displayName>
			<spirit:busType spirit:vendor="xilinx.com"
					spirit:library="signal"
					spirit:name="reset"
					spirit:version="1.0"/>
			<spirit:abstractionType spirit:vendor="xilinx.com"
					spirit:library="signal"
					spirit:name="reset_rtl"
					spirit:version="1.0"/>
			<spirit:master/>
			<spirit:portMaps>
				<spirit:portMap>
					<spirit:logicalPort>
						<spirit:name>RST</spirit:name>
					</spirit:logicalPort>
					<spirit:physicalPort>
						<spirit:name>mb_reset</spirit:name>
					</spirit:physicalPort>
				</spirit:portMap>
			</spirit:portMaps>
			<spirit:parameters>
				<spirit:parameter>
					<spirit:name>POLARITY</spirit:name>
					<spirit:value spirit:id="BUSIFPARAM_VALUE.MB_RST.POLARITY">ACTIVE_HIGH</spirit:value>
				</spirit:parameter>
				<spirit:parameter>
					<spirit:name>TYPE</spirit:name>
					<spirit:value spirit:id="BUSIFPARAM_VALUE.MB_RST.TYPE">PROCESSOR</spirit:value>
				</spirit:parameter>
			</spirit:parameters>
		</spirit:busInterface>
		<spirit:busInterface>
			<spirit:name>bus_struct_reset</spirit:name>
			<spirit:displayName>bus_struct_reset</spirit:displayName>
			<spirit:busType spirit:vendor="xilinx.com"
					spirit:library="signal"
					spirit:name="reset"
					spirit:version="1.0"/>
			<spirit:abstractionType spirit:vendor="xilinx.com"
					spirit:library="signal"
					spirit:name="reset_rtl"
					spirit:version="1.0"/>
			<spirit:master/>
			<spirit:portMaps>
				<spirit:portMap>
					<spirit:logicalPort>
						<spirit:name>RST</spirit:name>
					</spirit:logicalPort>
					<spirit:physicalPort>
						<spirit:name>bus_struct_reset</spirit:name>
					</spirit:physicalPort>
				</spirit:portMap>
			</spirit:portMaps>
			<spirit:parameters>
				<spirit:parameter>
					<spirit:name>POLARITY</spirit:name>
					<spirit:value spirit:id="BUSIFPARAM_VALUE.BUS_STRUCT_RESET.POLARITY">ACTIVE_HIGH</spirit:value>
				</spirit:parameter>
				<spirit:parameter>
					<spirit:name>TYPE</spirit:name>
					<spirit:value spirit:id="BUSIFPARAM_VALUE.BUS_STRUCT_RESET.TYPE">INTERCONNECT</spirit:value>
				</spirit:parameter>
			</spirit:parameters>
		</spirit:busInterface>
		<spirit:busInterface>
			<spirit:name>interconnect_low_rst</spirit:name>
			<spirit:displayName>interconnect_low_rst</spirit:displayName>
			<spirit:busType spirit:vendor="xilinx.com"
					spirit:library="signal"
					spirit:name="reset"
					spirit:version="1.0"/>
			<spirit:abstractionType spirit:vendor="xilinx.com"
					spirit:library="signal"
					spirit:name="reset_rtl"
					spirit:version="1.0"/>
			<spirit:master/>
			<spirit:portMaps>
				<spirit:portMap>
					<spirit:logicalPort>
						<spirit:name>RST</spirit:name>
					</spirit:logicalPort>
					<spirit:physicalPort>
						<spirit:name>interconnect_aresetn</spirit:name>
					</spirit:physicalPort>
				</spirit:portMap>
			</spirit:portMaps>
			<spirit:parameters>
				<spirit:parameter>
					<spirit:name>POLARITY</spirit:name>
					<spirit:value spirit:id="BUSIFPARAM_VALUE.INTERCONNECT_LOW_RST.POLARITY">ACTIVE_LOW</spirit:value>
				</spirit:parameter>
				<spirit:parameter>
					<spirit:name>TYPE</spirit:name>
					<spirit:value spirit:id="BUSIFPARAM_VALUE.INTERCONNECT_LOW_RST.TYPE">INTERCONNECT</spirit:value>
				</spirit:parameter>
			</spirit:parameters>
		</spirit:busInterface>
		<spirit:busInterface>
			<spirit:name>peripheral_high_rst</spirit:name>
			<spirit:displayName>peripheral_high_rst</spirit:displayName>
			<spirit:busType spirit:vendor="xilinx.com"
					spirit:library="signal"
					spirit:name="reset"
					spirit:version="1.0"/>
			<spirit:abstractionType spirit:vendor="xilinx.com"
					spirit:library="signal"
					spirit:name="reset_rtl"
					spirit:version="1.0"/>
			<spirit:master/>
			<spirit:portMaps>
				<spirit:portMap>
					<spirit:logicalPort>
						<spirit:name>RST</spirit:name>
					</spirit:logicalPort>
					<spirit:physicalPort>
						<spirit:name>peripheral_reset</spirit:name>
					</spirit:physicalPort>
				</spirit:portMap>
			</spirit:portMaps>
			<spirit:parameters>
				<spirit:parameter>
					<spirit:name>POLARITY</spirit:name>
					<spirit:value spirit:id="BUSIFPARAM_VALUE.PERIPHERAL_HIGH_RST.POLARITY">ACTIVE_HIGH</spirit:value>
				</spirit:parameter>
				<spirit:parameter>
					<spirit:name>TYPE</spirit:name>
					<spirit:value spirit:id="BUSIFPARAM_VALUE.PERIPHERAL_HIGH_RST.TYPE">PERIPHERAL</spirit:value>
				</spirit:parameter>
			</spirit:parameters>
		</spirit:busInterface>
		<spirit:busInterface>
			<spirit:name>peripheral_low_rst</spirit:name>
			<spirit:displayName>peripheral_low_rst</spirit:displayName>
			<spirit:busType spirit:vendor="xilinx.com"
					spirit:library="signal"
					spirit:name="reset"
					spirit:version="1.0"/>
			<spirit:abstractionType spirit:vendor="xilinx.com"
					spirit:library="signal"
					spirit:name="reset_rtl"
					spirit:version="1.0"/>
			<spirit:master/>
			<spirit:portMaps>
				<spirit:portMap>
					<spirit:logicalPort>
						<spirit:name>RST</spirit:name>
					</spirit:logicalPort>
					<spirit:physicalPort>
						<spirit:name>peripheral_aresetn</spirit:name>
					</spirit:physicalPort>
				</spirit:portMap>
			</spirit:portMaps>
			<spirit:parameters>
				<spirit:parameter>
					<spirit:name>POLARITY</spirit:name>
					<spirit:value spirit:id="BUSIFPARAM_VALUE.PERIPHERAL_LOW_RST.POLARITY">ACTIVE_LOW</spirit:value>
				</spirit:parameter>
				<spirit:parameter>
					<spirit:name>TYPE</spirit:name>
					<spirit:value spirit:id="BUSIFPARAM_VALUE.PERIPHERAL_LOW_RST.TYPE">PERIPHERAL</spirit:value>
				</spirit:parameter>
			</spirit:parameters>
		</spirit:busInterface>
	</spirit:busInterfaces>
	<spirit:model>
		<spirit:views>
			<spirit:view>
				<spirit:name>xilinx_vhdlinstantiationtemplate</spirit:name>
				<spirit:displayName>VHDL Instantiation Template</spirit:displayName>
				<spirit:envIdentifier>vhdlSource:vivado.xilinx.com:synthesis.template</spirit:envIdentifier>
				<spirit:language>vhdl</spirit:language>
				<spirit:fileSetRef>
					<spirit:localName>xilinx_vhdlinstantiationtemplate_view_fileset</spirit:localName>
				</spirit:fileSetRef>
				<spirit:parameters>
					<spirit:parameter>
						<spirit:name>customizationCRC</spirit:name>
						<spirit:value>e52e65d3</spirit:value>
					</spirit:parameter>
					<spirit:parameter>
						<spirit:name>customizationCRCversion</spirit:name>
						<spirit:value>4</spirit:value>
					</spirit:parameter>
					<spirit:parameter>
						<spirit:name>GENtimestamp</spirit:name>
						<spirit:value>Tue Feb 20 15:52:24 UTC 2018</spirit:value>
					</spirit:parameter>
					<spirit:parameter>
						<spirit:name>StaleAtRelink</spirit:name>
						<spirit:value>false</spirit:value>
					</spirit:parameter>
				</spirit:parameters>
			</spirit:view>
			<spirit:view>
				<spirit:name>xilinx_vhdlsynthesis</spirit:name>
				<spirit:displayName>VHDL Synthesis</spirit:displayName>
				<spirit:envIdentifier>vhdlSource:vivado.xilinx.com:synthesis</spirit:envIdentifier>
				<spirit:language>vhdl</spirit:language>
				<spirit:fileSetRef>
					<spirit:localName>xilinx_vhdlsynthesis_xilinx_com_ip_blk_mem_gen_8_2__ref_view_fileset</spirit:localName>
				</spirit:fileSetRef>
				<spirit:fileSetRef>
					<spirit:localName>xilinx_vhdlsynthesis_xilinx_com_ip_fifo_generator_12_0__ref_view_fileset</spirit:localName>
				</spirit:fileSetRef>
				<spirit:fileSetRef>
					<spirit:localName>xilinx_vhdlsynthesis_xilinx_com_ip_proc_common_4_0__ref_view_fileset</spirit:localName>
				</spirit:fileSetRef>
				<spirit:fileSetRef>
					<spirit:localName>xilinx_vhdlsynthesis_view_fileset</spirit:localName>
				</spirit:fileSetRef>
				<spirit:parameters>
					<spirit:parameter>
						<spirit:name>customizationCRC</spirit:name>
						<spirit:value>e52e65d3</spirit:value>
					</spirit:parameter>
					<spirit:parameter>
						<spirit:name>customizationCRCversion</spirit:name>
						<spirit:value>4</spirit:value>
					</spirit:parameter>
					<spirit:parameter>
						<spirit:name>GENtimestamp</spirit:name>
						<spirit:value>Tue Feb 20 15:52:25 UTC 2018</spirit:value>
					</spirit:parameter>
					<spirit:parameter>
						<spirit:name>StaleAtRelink</spirit:name>
						<spirit:value>false</spirit:value>
					</spirit:parameter>
				</spirit:parameters>
			</spirit:view>
			<spirit:view>
				<spirit:name>xilinx_implementation</spirit:name>
				<spirit:displayName>Implementation</spirit:displayName>
				<spirit:envIdentifier>:vivado.xilinx.com:implementation</spirit:envIdentifier>
				<spirit:fileSetRef>
					<spirit:localName>xilinx_implementation_view_fileset</spirit:localName>
				</spirit:fileSetRef>
				<spirit:parameters>
					<spirit:parameter>
						<spirit:name>customizationCRC</spirit:name>
						<spirit:value>e52e65d3</spirit:value>
					</spirit:parameter>
					<spirit:parameter>
						<spirit:name>customizationCRCversion</spirit:name>
						<spirit:value>4</spirit:value>
					</spirit:parameter>
					<spirit:parameter>
						<spirit:name>GENtimestamp</spirit:name>
						<spirit:value>Tue Feb 20 15:52:25 UTC 2018</spirit:value>
					</spirit:parameter>
					<spirit:parameter>
						<spirit:name>StaleAtRelink</spirit:name>
						<spirit:value>false</spirit:value>
					</spirit:parameter>
				</spirit:parameters>
			</spirit:view>
			<spirit:view>
				<spirit:name>xilinx_vhdlsynthesiswrapper</spirit:name>
				<spirit:displayName>VHDL Synthesis Wrapper</spirit:displayName>
				<spirit:envIdentifier>vhdlSource:vivado.xilinx.com:synthesis.wrapper</spirit:envIdentifier>
				<spirit:language>vhdl</spirit:language>
				<spirit:fileSetRef>
					<spirit:localName>xilinx_vhdlsynthesiswrapper_view_fileset</spirit:localName>
				</spirit:fileSetRef>
				<spirit:parameters>
					<spirit:parameter>
						<spirit:name>customizationCRC</spirit:name>
						<spirit:value>e52e65d3</spirit:value>
					</spirit:parameter>
					<spirit:parameter>
						<spirit:name>customizationCRCversion</spirit:name>
						<spirit:value>4</spirit:value>
					</spirit:parameter>
					<spirit:parameter>
						<spirit:name>GENtimestamp</spirit:name>
						<spirit:value>Tue Feb 20 15:52:26 UTC 2018</spirit:value>
					</spirit:parameter>
					<spirit:parameter>
						<spirit:name>StaleAtRelink</spirit:name>
						<spirit:value>false</spirit:value>
					</spirit:parameter>
				</spirit:parameters>
			</spirit:view>
			<spirit:view>
				<spirit:name>xilinx_vhdlbehavioralsimulation</spirit:name>
				<spirit:displayName>VHDL Simulation</spirit:displayName>
				<spirit:envIdentifier>vhdlSource:vivado.xilinx.com:simulation</spirit:envIdentifier>
				<spirit:language>vhdl</spirit:language>
				<spirit:fileSetRef>
					<spirit:localName>xilinx_vhdlbehavioralsimulation_view_fileset</spirit:localName>
				</spirit:fileSetRef>
				<spirit:parameters>
					<spirit:parameter>
						<spirit:name>customizationCRC</spirit:name>
						<spirit:value>d7fb1c83</spirit:value>
					</spirit:parameter>
					<spirit:parameter>
						<spirit:name>customizationCRCversion</spirit:name>
						<spirit:value>4</spirit:value>
					</spirit:parameter>
					<spirit:parameter>
						<spirit:name>GENtimestamp</spirit:name>
						<spirit:value>Tue Feb 20 15:52:24 UTC 2018</spirit:value>
					</spirit:parameter>
					<spirit:parameter>
						<spirit:name>StaleAtRelink</spirit:name>
						<spirit:value>false</spirit:value>
					</spirit:parameter>
				</spirit:parameters>
			</spirit:view>
			<spirit:view>
				<spirit:name>xilinx_vhdlsimulationwrapper</spirit:name>
				<spirit:displayName>VHDL Simulation Wrapper</spirit:displayName>
				<spirit:envIdentifier>vhdlSource:vivado.xilinx.com:simulation.wrapper</spirit:envIdentifier>
				<spirit:language>vhdl</spirit:language>
				<spirit:fileSetRef>
					<spirit:localName>xilinx_vhdlsimulationwrapper_view_fileset</spirit:localName>
				</spirit:fileSetRef>
				<spirit:parameters>
					<spirit:parameter>
						<spirit:name>customizationCRC</spirit:name>
						<spirit:value>d7fb1c83</spirit:value>
					</spirit:parameter>
					<spirit:parameter>
						<spirit:name>customizationCRCversion</spirit:name>
						<spirit:value>4</spirit:value>
					</spirit:parameter>
					<spirit:parameter>
						<spirit:name>GENtimestamp</spirit:name>
						<spirit:value>Tue Feb 20 15:52:26 UTC 2018</spirit:value>
					</spirit:parameter>
					<spirit:parameter>
						<spirit:name>StaleAtRelink</spirit:name>
						<spirit:value>false</spirit:value>
					</spirit:parameter>
				</spirit:parameters>
			</spirit:view>
			<spirit:view>
				<spirit:name>xilinx_versioninformation</spirit:name>
				<spirit:displayName>Version Information</spirit:displayName>
				<spirit:envIdentifier>:vivado.xilinx.com:docs.versioninfo</spirit:envIdentifier>
				<spirit:fileSetRef>
					<spirit:localName>xilinx_versioninformation_view_fileset</spirit:localName>
				</spirit:fileSetRef>
				<spirit:parameters>
					<spirit:parameter>
						<spirit:name>customizationCRC</spirit:name>
						<spirit:value>e52e65d3</spirit:value>
					</spirit:parameter>
					<spirit:parameter>
						<spirit:name>customizationCRCversion</spirit:name>
						<spirit:value>4</spirit:value>
					</spirit:parameter>
					<spirit:parameter>
						<spirit:name>GENtimestamp</spirit:name>
						<spirit:value>Tue Feb 20 15:52:27 UTC 2018</spirit:value>
					</spirit:parameter>
					<spirit:parameter>
						<spirit:name>StaleAtRelink</spirit:name>
						<spirit:value>false</spirit:value>
					</spirit:parameter>
				</spirit:parameters>
			</spirit:view>
		</spirit:views>
		<spirit:ports>
			<spirit:port>
				<spirit:name>slowest_sync_clk</spirit:name>
				<spirit:wire>
					<spirit:direction>in</spirit:direction>
					<spirit:wireTypeDefs>
						<spirit:wireTypeDef>
							<spirit:typeName>std_logic</spirit:typeName>
							<spirit:viewNameRef>xilinx_vhdlsynthesis</spirit:viewNameRef>
							<spirit:viewNameRef>xilinx_vhdlbehavioralsimulation</spirit:viewNameRef>
						</spirit:wireTypeDef>
					</spirit:wireTypeDefs>
				</spirit:wire>
				<spirit:vendorExtensions>
					<xilinx:portInfo>
						<xilinx:enablement>
							<xilinx:isEnabled>true</xilinx:isEnabled>
						</xilinx:enablement>
					</xilinx:portInfo>
				</spirit:vendorExtensions>
			</spirit:port>
			<spirit:port>
				<spirit:name>ext_reset_in</spirit:name>
				<spirit:wire>
					<spirit:direction>in</spirit:direction>
					<spirit:wireTypeDefs>
						<spirit:wireTypeDef>
							<spirit:typeName>std_logic</spirit:typeName>
							<spirit:viewNameRef>xilinx_vhdlsynthesis</spirit:viewNameRef>
							<spirit:viewNameRef>xilinx_vhdlbehavioralsimulation</spirit:viewNameRef>
						</spirit:wireTypeDef>
					</spirit:wireTypeDefs>
				</spirit:wire>
				<spirit:vendorExtensions>
					<xilinx:portInfo>
						<xilinx:enablement>
							<xilinx:isEnabled>true</xilinx:isEnabled>
						</xilinx:enablement>
					</xilinx:portInfo>
				</spirit:vendorExtensions>
			</spirit:port>
			<spirit:port>
				<spirit:name>aux_reset_in</spirit:name>
				<spirit:wire>
					<spirit:direction>in</spirit:direction>
					<spirit:wireTypeDefs>
						<spirit:wireTypeDef>
							<spirit:typeName>std_logic</spirit:typeName>
							<spirit:viewNameRef>xilinx_vhdlsynthesis</spirit:viewNameRef>
							<spirit:viewNameRef>xilinx_vhdlbehavioralsimulation</spirit:viewNameRef>
						</spirit:wireTypeDef>
					</spirit:wireTypeDefs>
					<spirit:driver>
						<spirit:defaultValue>1</spirit:defaultValue>
					</spirit:driver>
				</spirit:wire>
				<spirit:vendorExtensions>
					<xilinx:portInfo>
						<xilinx:enablement>
							<xilinx:isEnabled>true</xilinx:isEnabled>
						</xilinx:enablement>
					</xilinx:portInfo>
				</spirit:vendorExtensions>
			</spirit:port>
			<spirit:port>
				<spirit:name>mb_debug_sys_rst</spirit:name>
				<spirit:wire>
					<spirit:direction>in</spirit:direction>
					<spirit:wireTypeDefs>
						<spirit:wireTypeDef>
							<spirit:typeName>std_logic</spirit:typeName>
							<spirit:viewNameRef>xilinx_vhdlsynthesis</spirit:viewNameRef>
							<spirit:viewNameRef>xilinx_vhdlbehavioralsimulation</spirit:viewNameRef>
						</spirit:wireTypeDef>
					</spirit:wireTypeDefs>
					<spirit:driver>
						<spirit:defaultValue>0</spirit:defaultValue>
					</spirit:driver>
				</spirit:wire>
				<spirit:vendorExtensions>
					<xilinx:portInfo>
						<xilinx:enablement>
							<xilinx:isEnabled>true</xilinx:isEnabled>
						</xilinx:enablement>
					</xilinx:portInfo>
				</spirit:vendorExtensions>
			</spirit:port>
			<spirit:port>
				<spirit:name>dcm_locked</spirit:name>
				<spirit:wire>
					<spirit:direction>in</spirit:direction>
					<spirit:wireTypeDefs>
						<spirit:wireTypeDef>
							<spirit:typeName>std_logic</spirit:typeName>
							<spirit:viewNameRef>xilinx_vhdlsynthesis</spirit:viewNameRef>
							<spirit:viewNameRef>xilinx_vhdlbehavioralsimulation</spirit:viewNameRef>
						</spirit:wireTypeDef>
					</spirit:wireTypeDefs>
					<spirit:driver>
						<spirit:defaultValue spirit:format="bitString"
								spirit:bitStringLength="1">0x1</spirit:defaultValue>
					</spirit:driver>
				</spirit:wire>
			</spirit:port>
			<spirit:port>
				<spirit:name>mb_reset</spirit:name>
				<spirit:wire>
					<spirit:direction>out</spirit:direction>
					<spirit:wireTypeDefs>
						<spirit:wireTypeDef>
							<spirit:typeName>std_logic</spirit:typeName>
							<spirit:viewNameRef>xilinx_vhdlsynthesis</spirit:viewNameRef>
							<spirit:viewNameRef>xilinx_vhdlbehavioralsimulation</spirit:viewNameRef>
						</spirit:wireTypeDef>
					</spirit:wireTypeDefs>
					<spirit:driver>
						<spirit:defaultValue spirit:format="bitString"
								spirit:bitStringLength="1">0x0</spirit:defaultValue>
					</spirit:driver>
				</spirit:wire>
				<spirit:vendorExtensions>
					<xilinx:portInfo>
						<xilinx:enablement>
							<xilinx:isEnabled>true</xilinx:isEnabled>
						</xilinx:enablement>
					</xilinx:portInfo>
				</spirit:vendorExtensions>
			</spirit:port>
			<spirit:port>
				<spirit:name>bus_struct_reset</spirit:name>
				<spirit:wire>
					<spirit:direction>out</spirit:direction>
					<spirit:vector>
						<spirit:left>0</spirit:left>
						<spirit:right spirit:resolve="dependent"
								spirit:dependency="(spirit:decode(id(&apos;MODELPARAM_VALUE.C_NUM_BUS_RST&apos;)) - 1)">0</spirit:right>
					</spirit:vector>
					<spirit:wireTypeDefs>
						<spirit:wireTypeDef>
							<spirit:typeName>std_logic_vector</spirit:typeName>
							<spirit:viewNameRef>xilinx_vhdlsynthesis</spirit:viewNameRef>
							<spirit:viewNameRef>xilinx_vhdlbehavioralsimulation</spirit:viewNameRef>
						</spirit:wireTypeDef>
					</spirit:wireTypeDefs>
					<spirit:driver>
						<spirit:defaultValue>0</spirit:defaultValue>
					</spirit:driver>
				</spirit:wire>
				<spirit:vendorExtensions>
					<xilinx:portInfo>
						<xilinx:enablement>
							<xilinx:isEnabled>true</xilinx:isEnabled>
						</xilinx:enablement>
					</xilinx:portInfo>
				</spirit:vendorExtensions>
			</spirit:port>
			<spirit:port>
				<spirit:name>peripheral_reset</spirit:name>
				<spirit:wire>
					<spirit:direction>out</spirit:direction>
					<spirit:vector>
						<spirit:left>0</spirit:left>
						<spirit:right spirit:resolve="dependent"
								spirit:dependency="(spirit:decode(id(&apos;MODELPARAM_VALUE.C_NUM_PERP_RST&apos;)) - 1)">0</spirit:right>
					</spirit:vector>
					<spirit:wireTypeDefs>
						<spirit:wireTypeDef>
							<spirit:typeName>std_logic_vector</spirit:typeName>
							<spirit:viewNameRef>xilinx_vhdlsynthesis</spirit:viewNameRef>
							<spirit:viewNameRef>xilinx_vhdlbehavioralsimulation</spirit:viewNameRef>
						</spirit:wireTypeDef>
					</spirit:wireTypeDefs>
					<spirit:driver>
						<spirit:defaultValue>0</spirit:defaultValue>
					</spirit:driver>
				</spirit:wire>
				<spirit:vendorExtensions>
					<xilinx:portInfo>
						<xilinx:enablement>
							<xilinx:isEnabled>true</xilinx:isEnabled>
						</xilinx:enablement>
					</xilinx:portInfo>
				</spirit:vendorExtensions>
			</spirit:port>
			<spirit:port>
				<spirit:name>interconnect_aresetn</spirit:name>
				<spirit:wire>
					<spirit:direction>out</spirit:direction>
					<spirit:vector>
						<spirit:left>0</spirit:left>
						<spirit:right spirit:resolve="dependent"
								spirit:dependency="(spirit:decode(id(&apos;MODELPARAM_VALUE.C_NUM_INTERCONNECT_ARESETN&apos;)) - 1)">0</spirit:right>
					</spirit:vector>
					<spirit:wireTypeDefs>
						<spirit:wireTypeDef>
							<spirit:typeName>std_logic_vector</spirit:typeName>
							<spirit:viewNameRef>xilinx_vhdlsynthesis</spirit:viewNameRef>
							<spirit:viewNameRef>xilinx_vhdlbehavioralsimulation</spirit:viewNameRef>
						</spirit:wireTypeDef>
					</spirit:wireTypeDefs>
					<spirit:driver>
						<spirit:defaultValue>1</spirit:defaultValue>
					</spirit:driver>
				</spirit:wire>
				<spirit:vendorExtensions>
					<xilinx:portInfo>
						<xilinx:enablement>
							<xilinx:isEnabled>true</xilinx:isEnabled>
						</xilinx:enablement>
					</xilinx:portInfo>
				</spirit:vendorExtensions>
			</spirit:port>
			<spirit:port>
				<spirit:name>peripheral_aresetn</spirit:name>
				<spirit:wire>
					<spirit:direction>out</spirit:direction>
					<spirit:vector>
						<spirit:left>0</spirit:left>
						<spirit:right spirit:resolve="dependent"
								spirit:dependency="(spirit:decode(id(&apos;MODELPARAM_VALUE.C_NUM_PERP_ARESETN&apos;)) - 1)">0</spirit:right>
					</spirit:vector>
					<spirit:wireTypeDefs>
						<spirit:wireTypeDef>
							<spirit:typeName>std_logic_vector</spirit:typeName>
							<spirit:viewNameRef>xilinx_vhdlsynthesis</spirit:viewNameRef>
							<spirit:viewNameRef>xilinx_vhdlbehavioralsimulation</spirit:viewNameRef>
						</spirit:wireTypeDef>
					</spirit:wireTypeDefs>
					<spirit:driver>
						<spirit:defaultValue>1</spirit:defaultValue>
					</spirit:driver>
				</spirit:wire>
				<spirit:vendorExtensions>
					<xilinx:portInfo>
						<xilinx:enablement>
							<xilinx:isEnabled>true</xilinx:isEnabled>
						</xilinx:enablement>
					</xilinx:portInfo>
				</spirit:vendorExtensions>
			</spirit:port>
		</spirit:ports>
		<spirit:modelParameters>
			<spirit:modelParameter xsi:type="spirit:nameValueTypeType"
					spirit:dataType="string">
				<spirit:name>C_FAMILY</spirit:name>
				<spirit:value spirit:format="string"
						spirit:resolve="generated"
						spirit:id="MODELPARAM_VALUE.C_FAMILY">artix7</spirit:value>
			</spirit:modelParameter>
			<spirit:modelParameter spirit:dataType="integer">
				<spirit:name>C_EXT_RST_WIDTH</spirit:name>
				<spirit:displayName>Ext Rst Width</spirit:displayName>
				<spirit:value spirit:format="long"
						spirit:resolve="generated"
						spirit:id="MODELPARAM_VALUE.C_EXT_RST_WIDTH"
						spirit:minimum="1"
						spirit:maximum="16">4</spirit:value>
			</spirit:modelParameter>
			<spirit:modelParameter spirit:dataType="integer">
				<spirit:name>C_AUX_RST_WIDTH</spirit:name>
				<spirit:displayName>Aux Rst Width</spirit:displayName>
				<spirit:value spirit:format="long"
						spirit:resolve="generated"
						spirit:id="MODELPARAM_VALUE.C_AUX_RST_WIDTH"
						spirit:minimum="1"
						spirit:maximum="32">4</spirit:value>
			</spirit:modelParameter>
			<spirit:modelParameter spirit:dataType="std_logic">
				<spirit:name>C_EXT_RESET_HIGH</spirit:name>
				<spirit:displayName>Ext Reset High</spirit:displayName>
				<spirit:value spirit:format="long"
						spirit:resolve="generated"
						spirit:id="MODELPARAM_VALUE.C_EXT_RESET_HIGH">0</spirit:value>
			</spirit:modelParameter>
			<spirit:modelParameter spirit:dataType="std_logic">
				<spirit:name>C_AUX_RESET_HIGH</spirit:name>
				<spirit:displayName>Aux Reset High</spirit:displayName>
				<spirit:value spirit:format="long"
						spirit:resolve="generated"
						spirit:id="MODELPARAM_VALUE.C_AUX_RESET_HIGH"
						spirit:minimum="0"
						spirit:maximum="1">0</spirit:value>
			</spirit:modelParameter>
			<spirit:modelParameter spirit:dataType="integer">
				<spirit:name>C_NUM_BUS_RST</spirit:name>
				<spirit:displayName>No. of Bus Reset (Active High)</spirit:displayName>
				<spirit:value spirit:format="long"
						spirit:resolve="generated"
						spirit:id="MODELPARAM_VALUE.C_NUM_BUS_RST"
						spirit:minimum="1"
						spirit:maximum="32">1</spirit:value>
			</spirit:modelParameter>
			<spirit:modelParameter spirit:dataType="integer">
				<spirit:name>C_NUM_PERP_RST</spirit:name>
				<spirit:displayName>No. of Peripheral Reset (Active High)</spirit:displayName>
				<spirit:value spirit:format="long"
						spirit:resolve="generated"
						spirit:id="MODELPARAM_VALUE.C_NUM_PERP_RST"
						spirit:minimum="1"
						spirit:maximum="32">1</spirit:value>
			</spirit:modelParameter>
			<spirit:modelParameter spirit:dataType="integer">
				<spirit:name>C_NUM_INTERCONNECT_ARESETN</spirit:name>
				<spirit:displayName>No. of Interconnect Reset (Active Low)</spirit:displayName>
				<spirit:value spirit:format="long"
						spirit:resolve="generated"
						spirit:id="MODELPARAM_VALUE.C_NUM_INTERCONNECT_ARESETN"
						spirit:minimum="1"
						spirit:maximum="32">1</spirit:value>
			</spirit:modelParameter>
			<spirit:modelParameter spirit:dataType="integer">
				<spirit:name>C_NUM_PERP_ARESETN</spirit:name>
				<spirit:displayName>No. of Peripheral Reset (Active Low)</spirit:displayName>
				<spirit:value spirit:format="long"
						spirit:resolve="generated"
						spirit:id="MODELPARAM_VALUE.C_NUM_PERP_ARESETN"
						spirit:minimum="1"
						spirit:maximum="31">1</spirit:value>
			</spirit:modelParameter>
		</spirit:modelParameters>
	</spirit:model>
	<spirit:choices>
		<spirit:choice>
			<spirit:name>choices_0</spirit:name>
			<spirit:enumeration spirit:text="Custom">Custom</spirit:enumeration>
		</spirit:choice>
	</spirit:choices>
	<spirit:fileSets>
		<spirit:fileSet>
			<spirit:name>xilinx_vhdlinstantiationtemplate_view_fileset</spirit:name>
			<spirit:file>
				<spirit:name>System_rst_clk_wiz_1_100M_0.vho</spirit:name>
				<spirit:userFileType>vhdlTemplate</spirit:userFileType>
			</spirit:file>
		</spirit:fileSet>
		<spirit:fileSet>
			<spirit:name>xilinx_vhdlsynthesis_view_fileset</spirit:name>
			<spirit:file>
				<spirit:name>../../../../ipshared/xilinx.com/proc_sys_reset_v5_0/48b3f032/hdl/src/vhdl/upcnt_n.vhd</spirit:name>
				<spirit:fileType>vhdlSource</spirit:fileType>
				<spirit:logicalName>proc_sys_reset_v5_0</spirit:logicalName>
			</spirit:file>
			<spirit:file>
				<spirit:name>../../../../ipshared/xilinx.com/proc_sys_reset_v5_0/48b3f032/hdl/src/vhdl/sequence.vhd</spirit:name>
				<spirit:fileType>vhdlSource</spirit:fileType>
				<spirit:logicalName>proc_sys_reset_v5_0</spirit:logicalName>
			</spirit:file>
			<spirit:file>
				<spirit:name>../../../../ipshared/xilinx.com/proc_sys_reset_v5_0/48b3f032/hdl/src/vhdl/lpf.vhd</spirit:name>
				<spirit:fileType>vhdlSource</spirit:fileType>
				<spirit:logicalName>proc_sys_reset_v5_0</spirit:logicalName>
			</spirit:file>
			<spirit:file>
				<spirit:name>../../../../ipshared/xilinx.com/proc_sys_reset_v5_0/48b3f032/hdl/src/vhdl/proc_sys_reset.vhd</spirit:name>
				<spirit:fileType>vhdlSource</spirit:fileType>
				<spirit:logicalName>proc_sys_reset_v5_0</spirit:logicalName>
			</spirit:file>
			<spirit:file>
				<spirit:name>System_rst_clk_wiz_1_100M_0.xdc</spirit:name>
				<spirit:userFileType>xdc</spirit:userFileType>
			</spirit:file>
			<spirit:file>
				<spirit:name>System_rst_clk_wiz_1_100M_0_ooc.xdc</spirit:name>
				<spirit:userFileType>xdc</spirit:userFileType>
				<spirit:userFileType>USED_IN_out_of_context</spirit:userFileType>
				<spirit:userFileType>USED_IN_synthesis</spirit:userFileType>
				<spirit:userFileType>USED_IN_implementation</spirit:userFileType>
			</spirit:file>
		</spirit:fileSet>
		<spirit:fileSet>
			<spirit:name>xilinx_vhdlsynthesis_xilinx_com_ip_blk_mem_gen_8_2__ref_view_fileset</spirit:name>
			<spirit:file>
				<spirit:name>../../../../ipshared/xilinx.com/blk_mem_gen_v8_2/ebbf7913/hdl/blk_mem_gen_v8_2_synth_comp.vhd</spirit:name>
				<spirit:fileType>vhdlSource</spirit:fileType>
				<spirit:logicalName>blk_mem_gen_v8_2</spirit:logicalName>
			</spirit:file>
			<spirit:file>
				<spirit:name>../../../../ipshared/xilinx.com/blk_mem_gen_v8_2/ebbf7913/hdl/blk_mem_gen_v8_2_defaults.vhd</spirit:name>
				<spirit:fileType>vhdlSource</spirit:fileType>
				<spirit:logicalName>blk_mem_gen_v8_2</spirit:logicalName>
			</spirit:file>
			<spirit:file>
				<spirit:name>../../../../ipshared/xilinx.com/blk_mem_gen_v8_2/ebbf7913/hdl/blk_mem_gen_v8_2_pkg.vhd</spirit:name>
				<spirit:fileType>vhdlSource</spirit:fileType>
				<spirit:logicalName>blk_mem_gen_v8_2</spirit:logicalName>
			</spirit:file>
			<spirit:file>
				<spirit:name>../../../../ipshared/xilinx.com/blk_mem_gen_v8_2/ebbf7913/hdl/blk_mem_gen_getinit_pkg.vhd</spirit:name>
				<spirit:fileType>vhdlSource</spirit:fileType>
				<spirit:logicalName>blk_mem_gen_v8_2</spirit:logicalName>
			</spirit:file>
			<spirit:file>
				<spirit:name>../../../../ipshared/xilinx.com/blk_mem_gen_v8_2/ebbf7913/hdl/blk_mem_min_area_pkg.vhd</spirit:name>
				<spirit:fileType>vhdlSource</spirit:fileType>
				<spirit:logicalName>blk_mem_gen_v8_2</spirit:logicalName>
			</spirit:file>
			<spirit:file>
				<spirit:name>../../../../ipshared/xilinx.com/blk_mem_gen_v8_2/ebbf7913/hdl/blk_mem_gen_bindec.vhd</spirit:name>
				<spirit:fileType>vhdlSource</spirit:fileType>
				<spirit:logicalName>blk_mem_gen_v8_2</spirit:logicalName>
			</spirit:file>
			<spirit:file>
				<spirit:name>../../../../ipshared/xilinx.com/blk_mem_gen_v8_2/ebbf7913/hdl/blk_mem_gen_mux.vhd</spirit:name>
				<spirit:fileType>vhdlSource</spirit:fileType>
				<spirit:logicalName>blk_mem_gen_v8_2</spirit:logicalName>
			</spirit:file>
			<spirit:file>
				<spirit:name>../../../../ipshared/xilinx.com/blk_mem_gen_v8_2/ebbf7913/hdl/blk_mem_gen_prim_wrapper.vhd</spirit:name>
				<spirit:fileType>vhdlSource</spirit:fileType>
				<spirit:logicalName>blk_mem_gen_v8_2</spirit:logicalName>
			</spirit:file>
			<spirit:file>
				<spirit:name>../../../../ipshared/xilinx.com/blk_mem_gen_v8_2/ebbf7913/hdl/blk_mem_gen_prim_wrapper_init.vhd</spirit:name>
				<spirit:fileType>vhdlSource</spirit:fileType>
				<spirit:logicalName>blk_mem_gen_v8_2</spirit:logicalName>
			</spirit:file>
			<spirit:file>
				<spirit:name>../../../../ipshared/xilinx.com/blk_mem_gen_v8_2/ebbf7913/hdl/blk_mem_gen_prim_width.vhd</spirit:name>
				<spirit:fileType>vhdlSource</spirit:fileType>
				<spirit:logicalName>blk_mem_gen_v8_2</spirit:logicalName>
			</spirit:file>
			<spirit:file>
				<spirit:name>../../../../ipshared/xilinx.com/blk_mem_gen_v8_2/ebbf7913/hdl/blk_mem_gen_generic_cstr.vhd</spirit:name>
				<spirit:fileType>vhdlSource</spirit:fileType>
				<spirit:logicalName>blk_mem_gen_v8_2</spirit:logicalName>
			</spirit:file>
			<spirit:file>
				<spirit:name>../../../../ipshared/xilinx.com/blk_mem_gen_v8_2/ebbf7913/hdl/blk_mem_gen_ecc_encoder.vhd</spirit:name>
				<spirit:fileType>vhdlSource</spirit:fileType>
				<spirit:logicalName>blk_mem_gen_v8_2</spirit:logicalName>
			</spirit:file>
			<spirit:file>
				<spirit:name>../../../../ipshared/xilinx.com/blk_mem_gen_v8_2/ebbf7913/hdl/blk_mem_gen_ecc_decoder.vhd</spirit:name>
				<spirit:fileType>vhdlSource</spirit:fileType>
				<spirit:logicalName>blk_mem_gen_v8_2</spirit:logicalName>
			</spirit:file>
			<spirit:file>
				<spirit:name>../../../../ipshared/xilinx.com/blk_mem_gen_v8_2/ebbf7913/hdl/blk_mem_input_block.vhd</spirit:name>
				<spirit:fileType>vhdlSource</spirit:fileType>
				<spirit:logicalName>blk_mem_gen_v8_2</spirit:logicalName>
			</spirit:file>
			<spirit:file>
				<spirit:name>../../../../ipshared/xilinx.com/blk_mem_gen_v8_2/ebbf7913/hdl/blk_mem_output_block.vhd</spirit:name>
				<spirit:fileType>vhdlSource</spirit:fileType>
				<spirit:logicalName>blk_mem_gen_v8_2</spirit:logicalName>
			</spirit:file>
			<spirit:file>
				<spirit:name>../../../../ipshared/xilinx.com/blk_mem_gen_v8_2/ebbf7913/hdl/blk_mem_axi_read_fsm.vhd</spirit:name>
				<spirit:fileType>vhdlSource</spirit:fileType>
				<spirit:logicalName>blk_mem_gen_v8_2</spirit:logicalName>
			</spirit:file>
			<spirit:file>
				<spirit:name>../../../../ipshared/xilinx.com/blk_mem_gen_v8_2/ebbf7913/hdl/blk_mem_axi_read_wrapper.vhd</spirit:name>
				<spirit:fileType>vhdlSource</spirit:fileType>
				<spirit:logicalName>blk_mem_gen_v8_2</spirit:logicalName>
			</spirit:file>
			<spirit:file>
				<spirit:name>../../../../ipshared/xilinx.com/blk_mem_gen_v8_2/ebbf7913/hdl/blk_mem_axi_write_fsm.vhd</spirit:name>
				<spirit:fileType>vhdlSource</spirit:fileType>
				<spirit:logicalName>blk_mem_gen_v8_2</spirit:logicalName>
			</spirit:file>
			<spirit:file>
				<spirit:name>../../../../ipshared/xilinx.com/blk_mem_gen_v8_2/ebbf7913/hdl/blk_mem_axi_write_wrapper.vhd</spirit:name>
				<spirit:fileType>vhdlSource</spirit:fileType>
				<spirit:logicalName>blk_mem_gen_v8_2</spirit:logicalName>
			</spirit:file>
			<spirit:file>
				<spirit:name>../../../../ipshared/xilinx.com/blk_mem_gen_v8_2/ebbf7913/hdl/blk_mem_axi_regs_fwd.vhd</spirit:name>
				<spirit:fileType>vhdlSource</spirit:fileType>
				<spirit:logicalName>blk_mem_gen_v8_2</spirit:logicalName>
			</spirit:file>
			<spirit:file>
				<spirit:name>../../../../ipshared/xilinx.com/blk_mem_gen_v8_2/ebbf7913/hdl/blk_mem_gen_top.vhd</spirit:name>
				<spirit:fileType>vhdlSource</spirit:fileType>
				<spirit:logicalName>blk_mem_gen_v8_2</spirit:logicalName>
			</spirit:file>
			<spirit:file>
				<spirit:name>../../../../ipshared/xilinx.com/blk_mem_gen_v8_2/ebbf7913/hdl/blk_mem_gen_v8_2_synth.vhd</spirit:name>
				<spirit:fileType>vhdlSource</spirit:fileType>
				<spirit:logicalName>blk_mem_gen_v8_2</spirit:logicalName>
			</spirit:file>
			<spirit:file>
				<spirit:name>../../../../ipshared/xilinx.com/blk_mem_gen_v8_2/ebbf7913/hdl/blk_mem_gen_v8_2.vhd</spirit:name>
				<spirit:fileType>vhdlSource</spirit:fileType>
				<spirit:logicalName>blk_mem_gen_v8_2</spirit:logicalName>
			</spirit:file>
			<spirit:vendorExtensions>
				<xilinx:subCoreRef>
					<xilinx:componentRef xilinx:vendor="xilinx.com"
							xilinx:library="ip"
							xilinx:name="blk_mem_gen"
							xilinx:version="8.2"
							xilinx:isGenerated="true"
							xilinx:checksum="3b19c4c4">
						<xilinx:mode xilinx:name="copy_mode"/>
					</xilinx:componentRef>
				</xilinx:subCoreRef>
			</spirit:vendorExtensions>
		</spirit:fileSet>
		<spirit:fileSet>
			<spirit:name>xilinx_vhdlsynthesis_xilinx_com_ip_fifo_generator_12_0__ref_view_fileset</spirit:name>
			<spirit:file>
				<spirit:name>../../../../ipshared/xilinx.com/fifo_generator_v12_0/8b540c64/hdl/fifo_generator_v12_0_pkg.vhd</spirit:name>
				<spirit:fileType>vhdlSource</spirit:fileType>
				<spirit:logicalName>fifo_generator_v12_0</spirit:logicalName>
			</spirit:file>
			<spirit:file>
				<spirit:name>../../../../ipshared/xilinx.com/fifo_generator_v12_0/8b540c64/hdl/fifo_generator_v12_0_defaults.vhd</spirit:name>
				<spirit:fileType>vhdlSource</spirit:fileType>
				<spirit:logicalName>fifo_generator_v12_0</spirit:logicalName>
			</spirit:file>
			<spirit:file>
				<spirit:name>../../../../ipshared/xilinx.com/fifo_generator_v12_0/8b540c64/hdl/ramfifo/bram_sync_reg.vhd</spirit:name>
				<spirit:fileType>vhdlSource</spirit:fileType>
				<spirit:logicalName>fifo_generator_v12_0</spirit:logicalName>
			</spirit:file>
			<spirit:file>
				<spirit:name>../../../../ipshared/xilinx.com/fifo_generator_v12_0/8b540c64/hdl/ramfifo/bram_fifo_rstlogic.vhd</spirit:name>
				<spirit:fileType>vhdlSource</spirit:fileType>
				<spirit:logicalName>fifo_generator_v12_0</spirit:logicalName>
			</spirit:file>
			<spirit:file>
				<spirit:name>../../../../ipshared/xilinx.com/fifo_generator_v12_0/8b540c64/hdl/common/input_blk.vhd</spirit:name>
				<spirit:fileType>vhdlSource</spirit:fileType>
				<spirit:logicalName>fifo_generator_v12_0</spirit:logicalName>
			</spirit:file>
			<spirit:file>
				<spirit:name>../../../../ipshared/xilinx.com/fifo_generator_v12_0/8b540c64/hdl/common/output_blk.vhd</spirit:name>
				<spirit:fileType>vhdlSource</spirit:fileType>
				<spirit:logicalName>fifo_generator_v12_0</spirit:logicalName>
			</spirit:file>
			<spirit:file>
				<spirit:name>../../../../ipshared/xilinx.com/fifo_generator_v12_0/8b540c64/hdl/common/synchronizer_ff.vhd</spirit:name>
				<spirit:fileType>vhdlSource</spirit:fileType>
				<spirit:logicalName>fifo_generator_v12_0</spirit:logicalName>
			</spirit:file>
			<spirit:file>
				<spirit:name>../../../../ipshared/xilinx.com/fifo_generator_v12_0/8b540c64/hdl/common/shft_wrapper.vhd</spirit:name>
				<spirit:fileType>vhdlSource</spirit:fileType>
				<spirit:logicalName>fifo_generator_v12_0</spirit:logicalName>
			</spirit:file>
			<spirit:file>
				<spirit:name>../../../../ipshared/xilinx.com/fifo_generator_v12_0/8b540c64/hdl/common/shft_ram.vhd</spirit:name>
				<spirit:fileType>vhdlSource</spirit:fileType>
				<spirit:logicalName>fifo_generator_v12_0</spirit:logicalName>
			</spirit:file>
			<spirit:file>
				<spirit:name>../../../../ipshared/xilinx.com/fifo_generator_v12_0/8b540c64/hdl/ramfifo/dmem.vhd</spirit:name>
				<spirit:fileType>vhdlSource</spirit:fileType>
				<spirit:logicalName>fifo_generator_v12_0</spirit:logicalName>
			</spirit:file>
			<spirit:file>
				<spirit:name>../../../../ipshared/xilinx.com/fifo_generator_v12_0/8b540c64/hdl/ramfifo/memory.vhd</spirit:name>
				<spirit:fileType>vhdlSource</spirit:fileType>
				<spirit:logicalName>fifo_generator_v12_0</spirit:logicalName>
			</spirit:file>
			<spirit:file>
				<spirit:name>../../../../ipshared/xilinx.com/fifo_generator_v12_0/8b540c64/hdl/ramfifo/compare.vhd</spirit:name>
				<spirit:fileType>vhdlSource</spirit:fileType>
				<spirit:logicalName>fifo_generator_v12_0</spirit:logicalName>
			</spirit:file>
			<spirit:file>
				<spirit:name>../../../../ipshared/xilinx.com/fifo_generator_v12_0/8b540c64/hdl/ramfifo/wr_bin_cntr.vhd</spirit:name>
				<spirit:fileType>vhdlSource</spirit:fileType>
				<spirit:logicalName>fifo_generator_v12_0</spirit:logicalName>
			</spirit:file>
			<spirit:file>
				<spirit:name>../../../../ipshared/xilinx.com/fifo_generator_v12_0/8b540c64/hdl/ramfifo/rd_bin_cntr.vhd</spirit:name>
				<spirit:fileType>vhdlSource</spirit:fileType>
				<spirit:logicalName>fifo_generator_v12_0</spirit:logicalName>
			</spirit:file>
			<spirit:file>
				<spirit:name>../../../../ipshared/xilinx.com/fifo_generator_v12_0/8b540c64/hdl/ramfifo/updn_cntr.vhd</spirit:name>
				<spirit:fileType>vhdlSource</spirit:fileType>
				<spirit:logicalName>fifo_generator_v12_0</spirit:logicalName>
			</spirit:file>
			<spirit:file>
				<spirit:name>../../../../ipshared/xilinx.com/fifo_generator_v12_0/8b540c64/hdl/ramfifo/rd_status_flags_as.vhd</spirit:name>
				<spirit:fileType>vhdlSource</spirit:fileType>
				<spirit:logicalName>fifo_generator_v12_0</spirit:logicalName>
			</spirit:file>
			<spirit:file>
				<spirit:name>../../../../ipshared/xilinx.com/fifo_generator_v12_0/8b540c64/hdl/ramfifo/rd_status_flags_ss.vhd</spirit:name>
				<spirit:fileType>vhdlSource</spirit:fileType>
				<spirit:logicalName>fifo_generator_v12_0</spirit:logicalName>
			</spirit:file>
			<spirit:file>
				<spirit:name>../../../../ipshared/xilinx.com/fifo_generator_v12_0/8b540c64/hdl/common/rd_pe_as.vhd</spirit:name>
				<spirit:fileType>vhdlSource</spirit:fileType>
				<spirit:logicalName>fifo_generator_v12_0</spirit:logicalName>
			</spirit:file>
			<spirit:file>
				<spirit:name>../../../../ipshared/xilinx.com/fifo_generator_v12_0/8b540c64/hdl/common/rd_pe_ss.vhd</spirit:name>
				<spirit:fileType>vhdlSource</spirit:fileType>
				<spirit:logicalName>fifo_generator_v12_0</spirit:logicalName>
			</spirit:file>
			<spirit:file>
				<spirit:name>../../../../ipshared/xilinx.com/fifo_generator_v12_0/8b540c64/hdl/ramfifo/rd_handshaking_flags.vhd</spirit:name>
				<spirit:fileType>vhdlSource</spirit:fileType>
				<spirit:logicalName>fifo_generator_v12_0</spirit:logicalName>
			</spirit:file>
			<spirit:file>
				<spirit:name>../../../../ipshared/xilinx.com/fifo_generator_v12_0/8b540c64/hdl/ramfifo/rd_dc_as.vhd</spirit:name>
				<spirit:fileType>vhdlSource</spirit:fileType>
				<spirit:logicalName>fifo_generator_v12_0</spirit:logicalName>
			</spirit:file>
			<spirit:file>
				<spirit:name>../../../../ipshared/xilinx.com/fifo_generator_v12_0/8b540c64/hdl/ramfifo/rd_dc_fwft_ext_as.vhd</spirit:name>
				<spirit:fileType>vhdlSource</spirit:fileType>
				<spirit:logicalName>fifo_generator_v12_0</spirit:logicalName>
			</spirit:file>
			<spirit:file>
				<spirit:name>../../../../ipshared/xilinx.com/fifo_generator_v12_0/8b540c64/hdl/ramfifo/dc_ss_fwft.vhd</spirit:name>
				<spirit:fileType>vhdlSource</spirit:fileType>
				<spirit:logicalName>fifo_generator_v12_0</spirit:logicalName>
			</spirit:file>
			<spirit:file>
				<spirit:name>../../../../ipshared/xilinx.com/fifo_generator_v12_0/8b540c64/hdl/ramfifo/rd_fwft.vhd</spirit:name>
				<spirit:fileType>vhdlSource</spirit:fileType>
				<spirit:logicalName>fifo_generator_v12_0</spirit:logicalName>
			</spirit:file>
			<spirit:file>
				<spirit:name>../../../../ipshared/xilinx.com/fifo_generator_v12_0/8b540c64/hdl/ramfifo/rd_logic_pkt_fifo.vhd</spirit:name>
				<spirit:fileType>vhdlSource</spirit:fileType>
				<spirit:logicalName>fifo_generator_v12_0</spirit:logicalName>
			</spirit:file>
			<spirit:file>
				<spirit:name>../../../../ipshared/xilinx.com/fifo_generator_v12_0/8b540c64/hdl/ramfifo/reset_blk_ramfifo.vhd</spirit:name>
				<spirit:fileType>vhdlSource</spirit:fileType>
				<spirit:logicalName>fifo_generator_v12_0</spirit:logicalName>
			</spirit:file>
			<spirit:file>
				<spirit:name>../../../../ipshared/xilinx.com/fifo_generator_v12_0/8b540c64/hdl/ramfifo/clk_x_pntrs.vhd</spirit:name>
				<spirit:fileType>vhdlSource</spirit:fileType>
				<spirit:logicalName>fifo_generator_v12_0</spirit:logicalName>
			</spirit:file>
			<spirit:file>
				<spirit:name>../../../../ipshared/xilinx.com/fifo_generator_v12_0/8b540c64/hdl/ramfifo/wr_status_flags_as.vhd</spirit:name>
				<spirit:fileType>vhdlSource</spirit:fileType>
				<spirit:logicalName>fifo_generator_v12_0</spirit:logicalName>
			</spirit:file>
			<spirit:file>
				<spirit:name>../../../../ipshared/xilinx.com/fifo_generator_v12_0/8b540c64/hdl/ramfifo/wr_status_flags_ss.vhd</spirit:name>
				<spirit:fileType>vhdlSource</spirit:fileType>
				<spirit:logicalName>fifo_generator_v12_0</spirit:logicalName>
			</spirit:file>
			<spirit:file>
				<spirit:name>../../../../ipshared/xilinx.com/fifo_generator_v12_0/8b540c64/hdl/common/wr_pf_as.vhd</spirit:name>
				<spirit:fileType>vhdlSource</spirit:fileType>
				<spirit:logicalName>fifo_generator_v12_0</spirit:logicalName>
			</spirit:file>
			<spirit:file>
				<spirit:name>../../../../ipshared/xilinx.com/fifo_generator_v12_0/8b540c64/hdl/common/wr_pf_ss.vhd</spirit:name>
				<spirit:fileType>vhdlSource</spirit:fileType>
				<spirit:logicalName>fifo_generator_v12_0</spirit:logicalName>
			</spirit:file>
			<spirit:file>
				<spirit:name>../../../../ipshared/xilinx.com/fifo_generator_v12_0/8b540c64/hdl/ramfifo/wr_handshaking_flags.vhd</spirit:name>
				<spirit:fileType>vhdlSource</spirit:fileType>
				<spirit:logicalName>fifo_generator_v12_0</spirit:logicalName>
			</spirit:file>
			<spirit:file>
				<spirit:name>../../../../ipshared/xilinx.com/fifo_generator_v12_0/8b540c64/hdl/ramfifo/wr_dc_as.vhd</spirit:name>
				<spirit:fileType>vhdlSource</spirit:fileType>
				<spirit:logicalName>fifo_generator_v12_0</spirit:logicalName>
			</spirit:file>
			<spirit:file>
				<spirit:name>../../../../ipshared/xilinx.com/fifo_generator_v12_0/8b540c64/hdl/ramfifo/wr_dc_fwft_ext_as.vhd</spirit:name>
				<spirit:fileType>vhdlSource</spirit:fileType>
				<spirit:logicalName>fifo_generator_v12_0</spirit:logicalName>
			</spirit:file>
			<spirit:file>
				<spirit:name>../../../../ipshared/xilinx.com/fifo_generator_v12_0/8b540c64/hdl/ramfifo/dc_ss.vhd</spirit:name>
				<spirit:fileType>vhdlSource</spirit:fileType>
				<spirit:logicalName>fifo_generator_v12_0</spirit:logicalName>
			</spirit:file>
			<spirit:file>
				<spirit:name>../../../../ipshared/xilinx.com/fifo_generator_v12_0/8b540c64/hdl/ramfifo/wr_logic.vhd</spirit:name>
				<spirit:fileType>vhdlSource</spirit:fileType>
				<spirit:logicalName>fifo_generator_v12_0</spirit:logicalName>
			</spirit:file>
			<spirit:file>
				<spirit:name>../../../../ipshared/xilinx.com/fifo_generator_v12_0/8b540c64/hdl/ramfifo/wr_logic_pkt_fifo.vhd</spirit:name>
				<spirit:fileType>vhdlSource</spirit:fileType>
				<spirit:logicalName>fifo_generator_v12_0</spirit:logicalName>
			</spirit:file>
			<spirit:file>
				<spirit:name>../../../../ipshared/xilinx.com/fifo_generator_v12_0/8b540c64/hdl/ramfifo/wr_status_flags_sshft.vhd</spirit:name>
				<spirit:fileType>vhdlSource</spirit:fileType>
				<spirit:logicalName>fifo_generator_v12_0</spirit:logicalName>
			</spirit:file>
			<spirit:file>
				<spirit:name>../../../../ipshared/xilinx.com/fifo_generator_v12_0/8b540c64/hdl/ramfifo/rd_status_flags_sshft.vhd</spirit:name>
				<spirit:fileType>vhdlSource</spirit:fileType>
				<spirit:logicalName>fifo_generator_v12_0</spirit:logicalName>
			</spirit:file>
			<spirit:file>
				<spirit:name>../../../../ipshared/xilinx.com/fifo_generator_v12_0/8b540c64/hdl/ramfifo/wr_pf_sshft.vhd</spirit:name>
				<spirit:fileType>vhdlSource</spirit:fileType>
				<spirit:logicalName>fifo_generator_v12_0</spirit:logicalName>
			</spirit:file>
			<spirit:file>
				<spirit:name>../../../../ipshared/xilinx.com/fifo_generator_v12_0/8b540c64/hdl/ramfifo/rd_pe_sshft.vhd</spirit:name>
				<spirit:fileType>vhdlSource</spirit:fileType>
				<spirit:logicalName>fifo_generator_v12_0</spirit:logicalName>
			</spirit:file>
			<spirit:file>
				<spirit:name>../../../../ipshared/xilinx.com/fifo_generator_v12_0/8b540c64/hdl/ramfifo/logic_sshft.vhd</spirit:name>
				<spirit:fileType>vhdlSource</spirit:fileType>
				<spirit:logicalName>fifo_generator_v12_0</spirit:logicalName>
			</spirit:file>
			<spirit:file>
				<spirit:name>../../../../ipshared/xilinx.com/fifo_generator_v12_0/8b540c64/hdl/ramfifo/async_fifo.vhd</spirit:name>
				<spirit:fileType>vhdlSource</spirit:fileType>
				<spirit:logicalName>fifo_generator_v12_0</spirit:logicalName>
			</spirit:file>
			<spirit:file>
				<spirit:name>../../../../ipshared/xilinx.com/fifo_generator_v12_0/8b540c64/hdl/ramfifo/rd_logic.vhd</spirit:name>
				<spirit:fileType>vhdlSource</spirit:fileType>
				<spirit:logicalName>fifo_generator_v12_0</spirit:logicalName>
			</spirit:file>
			<spirit:file>
				<spirit:name>../../../../ipshared/xilinx.com/fifo_generator_v12_0/8b540c64/hdl/ramfifo/fifo_generator_ramfifo.vhd</spirit:name>
				<spirit:fileType>vhdlSource</spirit:fileType>
				<spirit:logicalName>fifo_generator_v12_0</spirit:logicalName>
			</spirit:file>
			<spirit:file>
				<spirit:name>../../../../ipshared/xilinx.com/fifo_generator_v12_0/8b540c64/hdl/builtin/fifo_generator_v12_0_comps_builtin.vhd</spirit:name>
				<spirit:fileType>vhdlSource</spirit:fileType>
				<spirit:logicalName>fifo_generator_v12_0</spirit:logicalName>
			</spirit:file>
			<spirit:file>
				<spirit:name>../../../../ipshared/xilinx.com/fifo_generator_v12_0/8b540c64/hdl/builtin/delay.vhd</spirit:name>
				<spirit:fileType>vhdlSource</spirit:fileType>
				<spirit:logicalName>fifo_generator_v12_0</spirit:logicalName>
			</spirit:file>
			<spirit:file>
				<spirit:name>../../../../ipshared/xilinx.com/fifo_generator_v12_0/8b540c64/hdl/builtin/clk_x_pntrs_builtin.vhd</spirit:name>
				<spirit:fileType>vhdlSource</spirit:fileType>
				<spirit:logicalName>fifo_generator_v12_0</spirit:logicalName>
			</spirit:file>
			<spirit:file>
				<spirit:name>../../../../ipshared/xilinx.com/fifo_generator_v12_0/8b540c64/hdl/builtin/bin_cntr.vhd</spirit:name>
				<spirit:fileType>vhdlSource</spirit:fileType>
				<spirit:logicalName>fifo_generator_v12_0</spirit:logicalName>
			</spirit:file>
			<spirit:file>
				<spirit:name>../../../../ipshared/xilinx.com/fifo_generator_v12_0/8b540c64/hdl/builtin/logic_builtin.vhd</spirit:name>
				<spirit:fileType>vhdlSource</spirit:fileType>
				<spirit:logicalName>fifo_generator_v12_0</spirit:logicalName>
			</spirit:file>
			<spirit:file>
				<spirit:name>../../../../ipshared/xilinx.com/fifo_generator_v12_0/8b540c64/hdl/builtin/reset_builtin.vhd</spirit:name>
				<spirit:fileType>vhdlSource</spirit:fileType>
				<spirit:logicalName>fifo_generator_v12_0</spirit:logicalName>
			</spirit:file>
			<spirit:file>
				<spirit:name>../../../../ipshared/xilinx.com/fifo_generator_v12_0/8b540c64/hdl/builtin/builtin_prim.vhd</spirit:name>
				<spirit:fileType>vhdlSource</spirit:fileType>
				<spirit:logicalName>fifo_generator_v12_0</spirit:logicalName>
			</spirit:file>
			<spirit:file>
				<spirit:name>../../../../ipshared/xilinx.com/fifo_generator_v12_0/8b540c64/hdl/builtin/builtin_extdepth.vhd</spirit:name>
				<spirit:fileType>vhdlSource</spirit:fileType>
				<spirit:logicalName>fifo_generator_v12_0</spirit:logicalName>
			</spirit:file>
			<spirit:file>
				<spirit:name>../../../../ipshared/xilinx.com/fifo_generator_v12_0/8b540c64/hdl/builtin/builtin_top.vhd</spirit:name>
				<spirit:fileType>vhdlSource</spirit:fileType>
				<spirit:logicalName>fifo_generator_v12_0</spirit:logicalName>
			</spirit:file>
			<spirit:file>
				<spirit:name>../../../../ipshared/xilinx.com/fifo_generator_v12_0/8b540c64/hdl/builtin/builtin_prim_v6.vhd</spirit:name>
				<spirit:fileType>vhdlSource</spirit:fileType>
				<spirit:logicalName>fifo_generator_v12_0</spirit:logicalName>
			</spirit:file>
			<spirit:file>
				<spirit:name>../../../../ipshared/xilinx.com/fifo_generator_v12_0/8b540c64/hdl/builtin/builtin_extdepth_v6.vhd</spirit:name>
				<spirit:fileType>vhdlSource</spirit:fileType>
				<spirit:logicalName>fifo_generator_v12_0</spirit:logicalName>
			</spirit:file>
			<spirit:file>
				<spirit:name>../../../../ipshared/xilinx.com/fifo_generator_v12_0/8b540c64/hdl/builtin/builtin_extdepth_low_latency.vhd</spirit:name>
				<spirit:fileType>vhdlSource</spirit:fileType>
				<spirit:logicalName>fifo_generator_v12_0</spirit:logicalName>
			</spirit:file>
			<spirit:file>
				<spirit:name>../../../../ipshared/xilinx.com/fifo_generator_v12_0/8b540c64/hdl/builtin/builtin_top_v6.vhd</spirit:name>
				<spirit:fileType>vhdlSource</spirit:fileType>
				<spirit:logicalName>fifo_generator_v12_0</spirit:logicalName>
			</spirit:file>
			<spirit:file>
				<spirit:name>../../../../ipshared/xilinx.com/fifo_generator_v12_0/8b540c64/hdl/builtin/fifo_generator_v12_0_builtin.vhd</spirit:name>
				<spirit:fileType>vhdlSource</spirit:fileType>
				<spirit:logicalName>fifo_generator_v12_0</spirit:logicalName>
			</spirit:file>
			<spirit:file>
				<spirit:name>../../../../ipshared/xilinx.com/fifo_generator_v12_0/8b540c64/hdl/fifo_generator_top.vhd</spirit:name>
				<spirit:fileType>vhdlSource</spirit:fileType>
				<spirit:logicalName>fifo_generator_v12_0</spirit:logicalName>
			</spirit:file>
			<spirit:file>
				<spirit:name>../../../../ipshared/xilinx.com/fifo_generator_v12_0/8b540c64/hdl/ramfifo/axi_reg_slice.vhd</spirit:name>
				<spirit:fileType>vhdlSource</spirit:fileType>
				<spirit:logicalName>fifo_generator_v12_0</spirit:logicalName>
			</spirit:file>
			<spirit:file>
				<spirit:name>../../../../ipshared/xilinx.com/fifo_generator_v12_0/8b540c64/hdl/fifo_generator_v12_0_synth.vhd</spirit:name>
				<spirit:fileType>vhdlSource</spirit:fileType>
				<spirit:logicalName>fifo_generator_v12_0</spirit:logicalName>
			</spirit:file>
			<spirit:file>
				<spirit:name>../../../../ipshared/xilinx.com/fifo_generator_v12_0/8b540c64/hdl/fifo_generator_v12_0.vhd</spirit:name>
				<spirit:fileType>vhdlSource</spirit:fileType>
				<spirit:logicalName>fifo_generator_v12_0</spirit:logicalName>
			</spirit:file>
			<spirit:vendorExtensions>
				<xilinx:subCoreRef>
					<xilinx:componentRef xilinx:vendor="xilinx.com"
							xilinx:library="ip"
							xilinx:name="fifo_generator"
							xilinx:version="12.0"
							xilinx:isGenerated="true"
							xilinx:checksum="5804ec94">
						<xilinx:mode xilinx:name="copy_mode"/>
					</xilinx:componentRef>
				</xilinx:subCoreRef>
			</spirit:vendorExtensions>
		</spirit:fileSet>
		<spirit:fileSet>
			<spirit:name>xilinx_vhdlsynthesis_xilinx_com_ip_proc_common_4_0__ref_view_fileset</spirit:name>
			<spirit:file>
				<spirit:name>../../../../ipshared/xilinx.com/proc_common_v4_0/e2794af0/hdl/src/vhdl/family.vhd</spirit:name>
				<spirit:fileType>vhdlSource</spirit:fileType>
				<spirit:logicalName>proc_common_v4_0</spirit:logicalName>
			</spirit:file>
			<spirit:file>
				<spirit:name>../../../../ipshared/xilinx.com/proc_common_v4_0/e2794af0/hdl/src/vhdl/family_support.vhd</spirit:name>
				<spirit:fileType>vhdlSource</spirit:fileType>
				<spirit:logicalName>proc_common_v4_0</spirit:logicalName>
			</spirit:file>
			<spirit:file>
				<spirit:name>../../../../ipshared/xilinx.com/proc_common_v4_0/e2794af0/hdl/src/vhdl/coregen_comp_defs.vhd</spirit:name>
				<spirit:fileType>vhdlSource</spirit:fileType>
				<spirit:logicalName>proc_common_v4_0</spirit:logicalName>
			</spirit:file>
			<spirit:file>
				<spirit:name>../../../../ipshared/xilinx.com/proc_common_v4_0/e2794af0/hdl/src/vhdl/common_types_pkg.vhd</spirit:name>
				<spirit:fileType>vhdlSource</spirit:fileType>
				<spirit:logicalName>proc_common_v4_0</spirit:logicalName>
			</spirit:file>
			<spirit:file>
				<spirit:name>../../../../ipshared/xilinx.com/proc_common_v4_0/e2794af0/hdl/src/vhdl/proc_common_pkg.vhd</spirit:name>
				<spirit:fileType>vhdlSource</spirit:fileType>
				<spirit:logicalName>proc_common_v4_0</spirit:logicalName>
			</spirit:file>
			<spirit:file>
				<spirit:name>../../../../ipshared/xilinx.com/proc_common_v4_0/e2794af0/hdl/src/vhdl/conv_funs_pkg.vhd</spirit:name>
				<spirit:fileType>vhdlSource</spirit:fileType>
				<spirit:logicalName>proc_common_v4_0</spirit:logicalName>
			</spirit:file>
			<spirit:file>
				<spirit:name>../../../../ipshared/xilinx.com/proc_common_v4_0/e2794af0/hdl/src/vhdl/ipif_pkg.vhd</spirit:name>
				<spirit:fileType>vhdlSource</spirit:fileType>
				<spirit:logicalName>proc_common_v4_0</spirit:logicalName>
			</spirit:file>
			<spirit:file>
				<spirit:name>../../../../ipshared/xilinx.com/proc_common_v4_0/e2794af0/hdl/src/vhdl/async_fifo_fg.vhd</spirit:name>
				<spirit:fileType>vhdlSource</spirit:fileType>
				<spirit:logicalName>proc_common_v4_0</spirit:logicalName>
			</spirit:file>
			<spirit:file>
				<spirit:name>../../../../ipshared/xilinx.com/proc_common_v4_0/e2794af0/hdl/src/vhdl/sync_fifo_fg.vhd</spirit:name>
				<spirit:fileType>vhdlSource</spirit:fileType>
				<spirit:logicalName>proc_common_v4_0</spirit:logicalName>
			</spirit:file>
			<spirit:file>
				<spirit:name>../../../../ipshared/xilinx.com/proc_common_v4_0/e2794af0/hdl/src/vhdl/basic_sfifo_fg.vhd</spirit:name>
				<spirit:fileType>vhdlSource</spirit:fileType>
				<spirit:logicalName>proc_common_v4_0</spirit:logicalName>
			</spirit:file>
			<spirit:file>
				<spirit:name>../../../../ipshared/xilinx.com/proc_common_v4_0/e2794af0/hdl/src/vhdl/blk_mem_gen_wrapper.vhd</spirit:name>
				<spirit:fileType>vhdlSource</spirit:fileType>
				<spirit:logicalName>proc_common_v4_0</spirit:logicalName>
			</spirit:file>
			<spirit:file>
				<spirit:name>../../../../ipshared/xilinx.com/proc_common_v4_0/e2794af0/hdl/src/vhdl/addsub.vhd</spirit:name>
				<spirit:fileType>vhdlSource</spirit:fileType>
				<spirit:logicalName>proc_common_v4_0</spirit:logicalName>
			</spirit:file>
			<spirit:file>
				<spirit:name>../../../../ipshared/xilinx.com/proc_common_v4_0/e2794af0/hdl/src/vhdl/counter_bit.vhd</spirit:name>
				<spirit:fileType>vhdlSource</spirit:fileType>
				<spirit:logicalName>proc_common_v4_0</spirit:logicalName>
			</spirit:file>
			<spirit:file>
				<spirit:name>../../../../ipshared/xilinx.com/proc_common_v4_0/e2794af0/hdl/src/vhdl/counter.vhd</spirit:name>
				<spirit:fileType>vhdlSource</spirit:fileType>
				<spirit:logicalName>proc_common_v4_0</spirit:logicalName>
			</spirit:file>
			<spirit:file>
				<spirit:name>../../../../ipshared/xilinx.com/proc_common_v4_0/e2794af0/hdl/src/vhdl/direct_path_cntr.vhd</spirit:name>
				<spirit:fileType>vhdlSource</spirit:fileType>
				<spirit:logicalName>proc_common_v4_0</spirit:logicalName>
			</spirit:file>
			<spirit:file>
				<spirit:name>../../../../ipshared/xilinx.com/proc_common_v4_0/e2794af0/hdl/src/vhdl/direct_path_cntr_ai.vhd</spirit:name>
				<spirit:fileType>vhdlSource</spirit:fileType>
				<spirit:logicalName>proc_common_v4_0</spirit:logicalName>
			</spirit:file>
			<spirit:file>
				<spirit:name>../../../../ipshared/xilinx.com/proc_common_v4_0/e2794af0/hdl/src/vhdl/down_counter.vhd</spirit:name>
				<spirit:fileType>vhdlSource</spirit:fileType>
				<spirit:logicalName>proc_common_v4_0</spirit:logicalName>
			</spirit:file>
			<spirit:file>
				<spirit:name>../../../../ipshared/xilinx.com/proc_common_v4_0/e2794af0/hdl/src/vhdl/eval_timer.vhd</spirit:name>
				<spirit:fileType>vhdlSource</spirit:fileType>
				<spirit:logicalName>proc_common_v4_0</spirit:logicalName>
			</spirit:file>
			<spirit:file>
				<spirit:name>../../../../ipshared/xilinx.com/proc_common_v4_0/e2794af0/hdl/src/vhdl/inferred_lut4.vhd</spirit:name>
				<spirit:fileType>vhdlSource</spirit:fileType>
				<spirit:logicalName>proc_common_v4_0</spirit:logicalName>
			</spirit:file>
			<spirit:file>
				<spirit:name>../../../../ipshared/xilinx.com/proc_common_v4_0/e2794af0/hdl/src/vhdl/ipif_steer.vhd</spirit:name>
				<spirit:fileType>vhdlSource</spirit:fileType>
				<spirit:logicalName>proc_common_v4_0</spirit:logicalName>
			</spirit:file>
			<spirit:file>
				<spirit:name>../../../../ipshared/xilinx.com/proc_common_v4_0/e2794af0/hdl/src/vhdl/ipif_steer128.vhd</spirit:name>
				<spirit:fileType>vhdlSource</spirit:fileType>
				<spirit:logicalName>proc_common_v4_0</spirit:logicalName>
			</spirit:file>
			<spirit:file>
				<spirit:name>../../../../ipshared/xilinx.com/proc_common_v4_0/e2794af0/hdl/src/vhdl/ipif_mirror128.vhd</spirit:name>
				<spirit:fileType>vhdlSource</spirit:fileType>
				<spirit:logicalName>proc_common_v4_0</spirit:logicalName>
			</spirit:file>
			<spirit:file>
				<spirit:name>../../../../ipshared/xilinx.com/proc_common_v4_0/e2794af0/hdl/src/vhdl/ld_arith_reg.vhd</spirit:name>
				<spirit:fileType>vhdlSource</spirit:fileType>
				<spirit:logicalName>proc_common_v4_0</spirit:logicalName>
			</spirit:file>
			<spirit:file>
				<spirit:name>../../../../ipshared/xilinx.com/proc_common_v4_0/e2794af0/hdl/src/vhdl/ld_arith_reg2.vhd</spirit:name>
				<spirit:fileType>vhdlSource</spirit:fileType>
				<spirit:logicalName>proc_common_v4_0</spirit:logicalName>
			</spirit:file>
			<spirit:file>
				<spirit:name>../../../../ipshared/xilinx.com/proc_common_v4_0/e2794af0/hdl/src/vhdl/mux_onehot.vhd</spirit:name>
				<spirit:fileType>vhdlSource</spirit:fileType>
				<spirit:logicalName>proc_common_v4_0</spirit:logicalName>
			</spirit:file>
			<spirit:file>
				<spirit:name>../../../../ipshared/xilinx.com/proc_common_v4_0/e2794af0/hdl/src/vhdl/or_bits.vhd</spirit:name>
				<spirit:fileType>vhdlSource</spirit:fileType>
				<spirit:logicalName>proc_common_v4_0</spirit:logicalName>
			</spirit:file>
			<spirit:file>
				<spirit:name>../../../../ipshared/xilinx.com/proc_common_v4_0/e2794af0/hdl/src/vhdl/or_muxcy.vhd</spirit:name>
				<spirit:fileType>vhdlSource</spirit:fileType>
				<spirit:logicalName>proc_common_v4_0</spirit:logicalName>
			</spirit:file>
			<spirit:file>
				<spirit:name>../../../../ipshared/xilinx.com/proc_common_v4_0/e2794af0/hdl/src/vhdl/or_gate.vhd</spirit:name>
				<spirit:fileType>vhdlSource</spirit:fileType>
				<spirit:logicalName>proc_common_v4_0</spirit:logicalName>
			</spirit:file>
			<spirit:file>
				<spirit:name>../../../../ipshared/xilinx.com/proc_common_v4_0/e2794af0/hdl/src/vhdl/or_gate128.vhd</spirit:name>
				<spirit:fileType>vhdlSource</spirit:fileType>
				<spirit:logicalName>proc_common_v4_0</spirit:logicalName>
			</spirit:file>
			<spirit:file>
				<spirit:name>../../../../ipshared/xilinx.com/proc_common_v4_0/e2794af0/hdl/src/vhdl/pf_adder_bit.vhd</spirit:name>
				<spirit:fileType>vhdlSource</spirit:fileType>
				<spirit:logicalName>proc_common_v4_0</spirit:logicalName>
			</spirit:file>
			<spirit:file>
				<spirit:name>../../../../ipshared/xilinx.com/proc_common_v4_0/e2794af0/hdl/src/vhdl/pf_adder.vhd</spirit:name>
				<spirit:fileType>vhdlSource</spirit:fileType>
				<spirit:logicalName>proc_common_v4_0</spirit:logicalName>
			</spirit:file>
			<spirit:file>
				<spirit:name>../../../../ipshared/xilinx.com/proc_common_v4_0/e2794af0/hdl/src/vhdl/pf_counter_bit.vhd</spirit:name>
				<spirit:fileType>vhdlSource</spirit:fileType>
				<spirit:logicalName>proc_common_v4_0</spirit:logicalName>
			</spirit:file>
			<spirit:file>
				<spirit:name>../../../../ipshared/xilinx.com/proc_common_v4_0/e2794af0/hdl/src/vhdl/pf_counter.vhd</spirit:name>
				<spirit:fileType>vhdlSource</spirit:fileType>
				<spirit:logicalName>proc_common_v4_0</spirit:logicalName>
			</spirit:file>
			<spirit:file>
				<spirit:name>../../../../ipshared/xilinx.com/proc_common_v4_0/e2794af0/hdl/src/vhdl/pf_counter_top.vhd</spirit:name>
				<spirit:fileType>vhdlSource</spirit:fileType>
				<spirit:logicalName>proc_common_v4_0</spirit:logicalName>
			</spirit:file>
			<spirit:file>
				<spirit:name>../../../../ipshared/xilinx.com/proc_common_v4_0/e2794af0/hdl/src/vhdl/pf_occ_counter.vhd</spirit:name>
				<spirit:fileType>vhdlSource</spirit:fileType>
				<spirit:logicalName>proc_common_v4_0</spirit:logicalName>
			</spirit:file>
			<spirit:file>
				<spirit:name>../../../../ipshared/xilinx.com/proc_common_v4_0/e2794af0/hdl/src/vhdl/pf_occ_counter_top.vhd</spirit:name>
				<spirit:fileType>vhdlSource</spirit:fileType>
				<spirit:logicalName>proc_common_v4_0</spirit:logicalName>
			</spirit:file>
			<spirit:file>
				<spirit:name>../../../../ipshared/xilinx.com/proc_common_v4_0/e2794af0/hdl/src/vhdl/pf_dpram_select.vhd</spirit:name>
				<spirit:fileType>vhdlSource</spirit:fileType>
				<spirit:logicalName>proc_common_v4_0</spirit:logicalName>
			</spirit:file>
			<spirit:file>
				<spirit:name>../../../../ipshared/xilinx.com/proc_common_v4_0/e2794af0/hdl/src/vhdl/pselect.vhd</spirit:name>
				<spirit:fileType>vhdlSource</spirit:fileType>
				<spirit:logicalName>proc_common_v4_0</spirit:logicalName>
			</spirit:file>
			<spirit:file>
				<spirit:name>../../../../ipshared/xilinx.com/proc_common_v4_0/e2794af0/hdl/src/vhdl/pselect_mask.vhd</spirit:name>
				<spirit:fileType>vhdlSource</spirit:fileType>
				<spirit:logicalName>proc_common_v4_0</spirit:logicalName>
			</spirit:file>
			<spirit:file>
				<spirit:name>../../../../ipshared/xilinx.com/proc_common_v4_0/e2794af0/hdl/src/vhdl/srl16_fifo.vhd</spirit:name>
				<spirit:fileType>vhdlSource</spirit:fileType>
				<spirit:logicalName>proc_common_v4_0</spirit:logicalName>
			</spirit:file>
			<spirit:file>
				<spirit:name>../../../../ipshared/xilinx.com/proc_common_v4_0/e2794af0/hdl/src/vhdl/srl_fifo.vhd</spirit:name>
				<spirit:fileType>vhdlSource</spirit:fileType>
				<spirit:logicalName>proc_common_v4_0</spirit:logicalName>
			</spirit:file>
			<spirit:file>
				<spirit:name>../../../../ipshared/xilinx.com/proc_common_v4_0/e2794af0/hdl/src/vhdl/srl_fifo2.vhd</spirit:name>
				<spirit:fileType>vhdlSource</spirit:fileType>
				<spirit:logicalName>proc_common_v4_0</spirit:logicalName>
			</spirit:file>
			<spirit:file>
				<spirit:name>../../../../ipshared/xilinx.com/proc_common_v4_0/e2794af0/hdl/src/vhdl/srl_fifo3.vhd</spirit:name>
				<spirit:fileType>vhdlSource</spirit:fileType>
				<spirit:logicalName>proc_common_v4_0</spirit:logicalName>
			</spirit:file>
			<spirit:file>
				<spirit:name>../../../../ipshared/xilinx.com/proc_common_v4_0/e2794af0/hdl/src/vhdl/srl_fifo_rbu.vhd</spirit:name>
				<spirit:fileType>vhdlSource</spirit:fileType>
				<spirit:logicalName>proc_common_v4_0</spirit:logicalName>
			</spirit:file>
			<spirit:file>
				<spirit:name>../../../../ipshared/xilinx.com/proc_common_v4_0/e2794af0/hdl/src/vhdl/valid_be.vhd</spirit:name>
				<spirit:fileType>vhdlSource</spirit:fileType>
				<spirit:logicalName>proc_common_v4_0</spirit:logicalName>
			</spirit:file>
			<spirit:file>
				<spirit:name>../../../../ipshared/xilinx.com/proc_common_v4_0/e2794af0/hdl/src/vhdl/or_with_enable_f.vhd</spirit:name>
				<spirit:fileType>vhdlSource</spirit:fileType>
				<spirit:logicalName>proc_common_v4_0</spirit:logicalName>
			</spirit:file>
			<spirit:file>
				<spirit:name>../../../../ipshared/xilinx.com/proc_common_v4_0/e2794af0/hdl/src/vhdl/muxf_struct_f.vhd</spirit:name>
				<spirit:fileType>vhdlSource</spirit:fileType>
				<spirit:logicalName>proc_common_v4_0</spirit:logicalName>
			</spirit:file>
			<spirit:file>
				<spirit:name>../../../../ipshared/xilinx.com/proc_common_v4_0/e2794af0/hdl/src/vhdl/cntr_incr_decr_addn_f.vhd</spirit:name>
				<spirit:fileType>vhdlSource</spirit:fileType>
				<spirit:logicalName>proc_common_v4_0</spirit:logicalName>
			</spirit:file>
			<spirit:file>
				<spirit:name>../../../../ipshared/xilinx.com/proc_common_v4_0/e2794af0/hdl/src/vhdl/dynshreg_f.vhd</spirit:name>
				<spirit:fileType>vhdlSource</spirit:fileType>
				<spirit:logicalName>proc_common_v4_0</spirit:logicalName>
			</spirit:file>
			<spirit:file>
				<spirit:name>../../../../ipshared/xilinx.com/proc_common_v4_0/e2794af0/hdl/src/vhdl/dynshreg_i_f.vhd</spirit:name>
				<spirit:fileType>vhdlSource</spirit:fileType>
				<spirit:logicalName>proc_common_v4_0</spirit:logicalName>
			</spirit:file>
			<spirit:file>
				<spirit:name>../../../../ipshared/xilinx.com/proc_common_v4_0/e2794af0/hdl/src/vhdl/mux_onehot_f.vhd</spirit:name>
				<spirit:fileType>vhdlSource</spirit:fileType>
				<spirit:logicalName>proc_common_v4_0</spirit:logicalName>
			</spirit:file>
			<spirit:file>
				<spirit:name>../../../../ipshared/xilinx.com/proc_common_v4_0/e2794af0/hdl/src/vhdl/srl_fifo_rbu_f.vhd</spirit:name>
				<spirit:fileType>vhdlSource</spirit:fileType>
				<spirit:logicalName>proc_common_v4_0</spirit:logicalName>
			</spirit:file>
			<spirit:file>
				<spirit:name>../../../../ipshared/xilinx.com/proc_common_v4_0/e2794af0/hdl/src/vhdl/srl_fifo_f.vhd</spirit:name>
				<spirit:fileType>vhdlSource</spirit:fileType>
				<spirit:logicalName>proc_common_v4_0</spirit:logicalName>
			</spirit:file>
			<spirit:file>
				<spirit:name>../../../../ipshared/xilinx.com/proc_common_v4_0/e2794af0/hdl/src/vhdl/compare_vectors_f.vhd</spirit:name>
				<spirit:fileType>vhdlSource</spirit:fileType>
				<spirit:logicalName>proc_common_v4_0</spirit:logicalName>
			</spirit:file>
			<spirit:file>
				<spirit:name>../../../../ipshared/xilinx.com/proc_common_v4_0/e2794af0/hdl/src/vhdl/pselect_f.vhd</spirit:name>
				<spirit:fileType>vhdlSource</spirit:fileType>
				<spirit:logicalName>proc_common_v4_0</spirit:logicalName>
			</spirit:file>
			<spirit:file>
				<spirit:name>../../../../ipshared/xilinx.com/proc_common_v4_0/e2794af0/hdl/src/vhdl/counter_f.vhd</spirit:name>
				<spirit:fileType>vhdlSource</spirit:fileType>
				<spirit:logicalName>proc_common_v4_0</spirit:logicalName>
			</spirit:file>
			<spirit:file>
				<spirit:name>../../../../ipshared/xilinx.com/proc_common_v4_0/e2794af0/hdl/src/vhdl/or_muxcy_f.vhd</spirit:name>
				<spirit:fileType>vhdlSource</spirit:fileType>
				<spirit:logicalName>proc_common_v4_0</spirit:logicalName>
			</spirit:file>
			<spirit:file>
				<spirit:name>../../../../ipshared/xilinx.com/proc_common_v4_0/e2794af0/hdl/src/vhdl/or_gate_f.vhd</spirit:name>
				<spirit:fileType>vhdlSource</spirit:fileType>
				<spirit:logicalName>proc_common_v4_0</spirit:logicalName>
			</spirit:file>
			<spirit:file>
				<spirit:name>../../../../ipshared/xilinx.com/proc_common_v4_0/e2794af0/hdl/src/vhdl/soft_reset.vhd</spirit:name>
				<spirit:fileType>vhdlSource</spirit:fileType>
				<spirit:logicalName>proc_common_v4_0</spirit:logicalName>
			</spirit:file>
			<spirit:file>
				<spirit:name>../../../../ipshared/xilinx.com/proc_common_v4_0/e2794af0/hdl/src/vhdl/cdc_sync.vhd</spirit:name>
				<spirit:fileType>vhdlSource</spirit:fileType>
				<spirit:logicalName>proc_common_v4_0</spirit:logicalName>
			</spirit:file>
			<spirit:vendorExtensions>
				<xilinx:subCoreRef>
					<xilinx:componentRef xilinx:vendor="xilinx.com"
							xilinx:library="ip"
							xilinx:name="proc_common"
							xilinx:version="4.0"
							xilinx:isGenerated="true"
							xilinx:checksum="f363c821">
						<xilinx:mode xilinx:name="copy_mode"/>
					</xilinx:componentRef>
				</xilinx:subCoreRef>
			</spirit:vendorExtensions>
		</spirit:fileSet>
		<spirit:fileSet>
			<spirit:name>xilinx_implementation_view_fileset</spirit:name>
			<spirit:file>
				<spirit:name>System_rst_clk_wiz_1_100M_0_board.xdc</spirit:name>
				<spirit:userFileType>xdc</spirit:userFileType>
				<spirit:userFileType>USED_IN_synthesis</spirit:userFileType>
				<spirit:userFileType>USED_IN_implementation</spirit:userFileType>
				<spirit:userFileType>USED_IN_board</spirit:userFileType>
			</spirit:file>
		</spirit:fileSet>
		<spirit:fileSet>
			<spirit:name>xilinx_vhdlsynthesiswrapper_view_fileset</spirit:name>
			<spirit:file>
				<spirit:name>synth/System_rst_clk_wiz_1_100M_0.vhd</spirit:name>
				<spirit:fileType>vhdlSource</spirit:fileType>
				<spirit:logicalName>xil_defaultlib</spirit:logicalName>
			</spirit:file>
		</spirit:fileSet>
		<spirit:fileSet>
			<spirit:name>xilinx_vhdlbehavioralsimulation_view_fileset</spirit:name>
			<spirit:file>
				<spirit:name>../../../../ipshared/xilinx.com/proc_sys_reset_v5_0/48b3f032/hdl/src/vhdl/upcnt_n.vhd</spirit:name>
				<spirit:fileType>vhdlSource</spirit:fileType>
				<spirit:logicalName>proc_sys_reset_v5_0</spirit:logicalName>
			</spirit:file>
			<spirit:file>
				<spirit:name>../../../../ipshared/xilinx.com/proc_sys_reset_v5_0/48b3f032/hdl/src/vhdl/sequence.vhd</spirit:name>
				<spirit:fileType>vhdlSource</spirit:fileType>
				<spirit:logicalName>proc_sys_reset_v5_0</spirit:logicalName>
			</spirit:file>
			<spirit:file>
				<spirit:name>../../../../ipshared/xilinx.com/proc_sys_reset_v5_0/48b3f032/hdl/src/vhdl/lpf.vhd</spirit:name>
				<spirit:fileType>vhdlSource</spirit:fileType>
				<spirit:logicalName>proc_sys_reset_v5_0</spirit:logicalName>
			</spirit:file>
			<spirit:file>
				<spirit:name>../../../../ipshared/xilinx.com/proc_sys_reset_v5_0/48b3f032/hdl/src/vhdl/proc_sys_reset.vhd</spirit:name>
				<spirit:fileType>vhdlSource</spirit:fileType>
				<spirit:logicalName>proc_sys_reset_v5_0</spirit:logicalName>
			</spirit:file>
		</spirit:fileSet>
		<spirit:fileSet>
			<spirit:name>xilinx_vhdlsimulationwrapper_view_fileset</spirit:name>
			<spirit:file>
				<spirit:name>sim/System_rst_clk_wiz_1_100M_0.vhd</spirit:name>
				<spirit:fileType>vhdlSource</spirit:fileType>
				<spirit:logicalName>xil_defaultlib</spirit:logicalName>
			</spirit:file>
		</spirit:fileSet>
		<spirit:fileSet>
			<spirit:name>xilinx_versioninformation_view_fileset</spirit:name>
			<spirit:file>
				<spirit:name>doc/proc_sys_reset_v5_0_changelog.txt</spirit:name>
				<spirit:userFileType>text</spirit:userFileType>
			</spirit:file>
		</spirit:fileSet>
	</spirit:fileSets>
	<spirit:description>Processor Reset System</spirit:description>
	<spirit:parameters>
		<spirit:parameter>
			<spirit:name>C_NUM_PERP_ARESETN</spirit:name>
			<spirit:displayName>No. of Peripheral Reset (Active Low)</spirit:displayName>
			<spirit:value spirit:format="long"
					spirit:resolve="user"
					spirit:id="PARAM_VALUE.C_NUM_PERP_ARESETN"
					spirit:order="1800"
					spirit:minimum="1"
					spirit:maximum="16">1</spirit:value>
		</spirit:parameter>
		<spirit:parameter>
			<spirit:name>C_NUM_INTERCONNECT_ARESETN</spirit:name>
			<spirit:displayName>No. of Interconnect Reset (Active Low)</spirit:displayName>
			<spirit:value spirit:format="long"
					spirit:resolve="user"
					spirit:id="PARAM_VALUE.C_NUM_INTERCONNECT_ARESETN"
					spirit:order="1700"
					spirit:minimum="1"
					spirit:maximum="8">1</spirit:value>
		</spirit:parameter>
		<spirit:parameter>
			<spirit:name>C_NUM_PERP_RST</spirit:name>
			<spirit:displayName>No. of Peripheral Reset (Active High)</spirit:displayName>
			<spirit:value spirit:format="long"
					spirit:resolve="user"
					spirit:id="PARAM_VALUE.C_NUM_PERP_RST"
					spirit:order="1600"
					spirit:minimum="1"
					spirit:maximum="16">1</spirit:value>
		</spirit:parameter>
		<spirit:parameter>
			<spirit:name>C_NUM_BUS_RST</spirit:name>
			<spirit:displayName>No. of Bus Reset (Active High)</spirit:displayName>
			<spirit:value spirit:format="long"
					spirit:resolve="user"
					spirit:id="PARAM_VALUE.C_NUM_BUS_RST"
					spirit:order="1500"
					spirit:minimum="1"
					spirit:maximum="8">1</spirit:value>
		</spirit:parameter>
		<spirit:parameter>
			<spirit:name>C_AUX_RESET_HIGH</spirit:name>
			<spirit:displayName>Aux Reset High</spirit:displayName>
			<spirit:value spirit:format="long"
					spirit:resolve="user"
					spirit:id="PARAM_VALUE.C_AUX_RESET_HIGH"
					spirit:order="1400"
					spirit:minimum="0"
					spirit:maximum="1">0</spirit:value>
		</spirit:parameter>
		<spirit:parameter>
			<spirit:name>C_EXT_RESET_HIGH</spirit:name>
			<spirit:displayName>Ext Reset High</spirit:displayName>
			<spirit:value spirit:format="long"
					spirit:resolve="user"
					spirit:id="PARAM_VALUE.C_EXT_RESET_HIGH"
					spirit:order="1300"
					spirit:minimum="0"
					spirit:maximum="1">0</spirit:value>
		</spirit:parameter>
		<spirit:parameter>
			<spirit:name>C_AUX_RST_WIDTH</spirit:name>
			<spirit:displayName>Aux Rst Width</spirit:displayName>
			<spirit:value spirit:format="long"
					spirit:resolve="user"
					spirit:id="PARAM_VALUE.C_AUX_RST_WIDTH"
					spirit:order="1200"
					spirit:minimum="1"
					spirit:maximum="16">4</spirit:value>
		</spirit:parameter>
		<spirit:parameter>
			<spirit:name>C_EXT_RST_WIDTH</spirit:name>
			<spirit:displayName>Ext Rst Width</spirit:displayName>
			<spirit:value spirit:format="long"
					spirit:resolve="user"
					spirit:id="PARAM_VALUE.C_EXT_RST_WIDTH"
					spirit:order="1100"
					spirit:minimum="1"
					spirit:maximum="16">4</spirit:value>
		</spirit:parameter>
		<spirit:parameter>
			<spirit:name>Component_Name</spirit:name>
			<spirit:value spirit:resolve="user"
					spirit:id="PARAM_VALUE.Component_Name"
					spirit:order="1">System_rst_clk_wiz_1_100M_0</spirit:value>
		</spirit:parameter>
		<spirit:parameter>
			<spirit:name>USE_BOARD_FLOW</spirit:name>
			<spirit:displayName>Generate Board based IO Constraints</spirit:displayName>
			<spirit:value spirit:format="bool"
					spirit:resolve="user"
					spirit:id="PARAM_VALUE.USE_BOARD_FLOW"
					spirit:order="2">false</spirit:value>
		</spirit:parameter>
		<spirit:parameter>
			<spirit:name>RESET_BOARD_INTERFACE</spirit:name>
			<spirit:value spirit:resolve="user"
					spirit:id="PARAM_VALUE.RESET_BOARD_INTERFACE"
					spirit:choiceRef="choices_0"
					spirit:order="3">Custom</spirit:value>
		</spirit:parameter>
	</spirit:parameters>
	<spirit:vendorExtensions>
		<xilinx:coreExtensions>
			<xilinx:supportedFamilies>
				<xilinx:family xilinx:lifeCycle="Production">aartix7</xilinx:family>
				<xilinx:family xilinx:lifeCycle="Production">artix7</xilinx:family>
				<xilinx:family xilinx:lifeCycle="Production">artix7l</xilinx:family>
				<xilinx:family xilinx:lifeCycle="Production">azynq</xilinx:family>
				<xilinx:family xilinx:lifeCycle="Production">kintex7</xilinx:family>
				<xilinx:family xilinx:lifeCycle="Production">kintex7l</xilinx:family>
				<xilinx:family xilinx:lifeCycle="Pre-Production">kintexu</xilinx:family>
				<xilinx:family xilinx:lifeCycle="Production">qartix7</xilinx:family>
				<xilinx:family xilinx:lifeCycle="Production">qkintex7</xilinx:family>
				<xilinx:family xilinx:lifeCycle="Production">qkintex7l</xilinx:family>
				<xilinx:family xilinx:lifeCycle="Production">qvirtex7</xilinx:family>
				<xilinx:family xilinx:lifeCycle="Production">qzynq</xilinx:family>
				<xilinx:family xilinx:lifeCycle="Production">virtex7</xilinx:family>
				<xilinx:family xilinx:lifeCycle="Pre-Production">virtexu</xilinx:family>
				<xilinx:family xilinx:lifeCycle="Production">zynq</xilinx:family>
			</xilinx:supportedFamilies>
			<xilinx:taxonomies>
				<xilinx:taxonomy>/Embedded_Processing/Clock_&amp;_Reset</xilinx:taxonomy>
			</xilinx:taxonomies>
			<xilinx:displayName>Processor System Reset</xilinx:displayName>
			<xilinx:vendorURL>http://www.xilinx.com</xilinx:vendorURL>
			<xilinx:coreRevision>5</xilinx:coreRevision>
			<xilinx:upgrades>
				<xilinx:canUpgradeFrom>xilinx.com:ip:proc_sys_reset:4.00.a</xilinx:canUpgradeFrom>
			</xilinx:upgrades>
			<xilinx:coreCreationDateTime>2014-05-30T15:07:58Z</xilinx:coreCreationDateTime>
		</xilinx:coreExtensions>
		<xilinx:packagingInfo>
			<xilinx:xilinxVersion>2014.2</xilinx:xilinxVersion>
			<xilinx:checksum xilinx:scope="busInterfaces"
					xilinx:value="7ed2b2fe"/>
			<xilinx:checksum xilinx:scope="fileGroups"
					xilinx:value="6ad147d0"/>
			<xilinx:checksum xilinx:scope="ports"
					xilinx:value="2b1f7eb3"/>
			<xilinx:checksum xilinx:scope="hdlParameters"
					xilinx:value="06845891"/>
			<xilinx:checksum xilinx:scope="parameters"
					xilinx:value="08216c11"/>
		</xilinx:packagingInfo>
	</spirit:vendorExtensions>
</spirit:component>
