<?xml version="1.0" encoding="UTF-8"?>
<GenRun Id="synth_1" LaunchPart="xc7a100tcsg324-1" LaunchTime="1526392266">
  <File Type="RDS-UTIL-PB" Name="System_wrapper_utilization_synth.pb"/>
  <File Type="RUN-CONSTRS" Name="$PDATADIR/runs/synth_1/constrs_in.xml"/>
  <File Type="RDS-UTIL" Name="System_wrapper_utilization_synth.rpt"/>
  <File Type="RUN-SRCS" Name="$PDATADIR/runs/synth_1/sources.xml"/>
  <File Type="RUN-STRAT" Name="$PDATADIR/runs/synth_1/synth_1.psg"/>
  <File Type="VDS-TIMINGSUMMARY" Name="System_wrapper_timing_summary_synth.rpt"/>
  <File Type="PA-TCL" Name="System_wrapper.tcl"/>
  <File Type="RDS-RDS" Name="System_wrapper.vds"/>
  <File Type="RDS-DCP" Name="System_wrapper.dcp"/>
  <File Type="VDS-TIMING-PB" Name="System_wrapper_timing_summary_synth.pb"/>
  <File Type="VDS-HWDEF" Name="System_wrapper.hwdef"/>
  <FileSet Name="sources" Type="DesignSrcs" RelSrcDir="$PSRCDIR/sources_1">
    <Filter Type="Srcs"/>
    <File Path="$PSRCDIR/sources_1/bd/System/System.bd">
      <FileInfo>
        <Attr Name="Library" Val="xil_defaultlib"/>
        <Attr Name="ImportPath" Val="H:/Fase 2/Sem 2/Embed proc/Labo1/MicroBlaze_lab1/MicroBlaze_lab1.srcs/sources_1/bd/System/System.bd"/>
        <Attr Name="ImportTime" Val="1519141916"/>
        <Attr Name="UsedIn" Val="synthesis"/>
        <Attr Name="UsedIn" Val="implementation"/>
        <Attr Name="UsedIn" Val="simulation"/>
      </FileInfo>
    </File>
    <File Path="$PSRCDIR/sources_1/bd/System/hdl/System_wrapper.vhd">
      <FileInfo>
        <Attr Name="Library" Val="xil_defaultlib"/>
        <Attr Name="ImportPath" Val="H:/Fase 2/Sem 2/Embed proc/Labo1/MicroBlaze_lab1/MicroBlaze_lab1.srcs/sources_1/bd/System/hdl/System_wrapper.vhd"/>
        <Attr Name="ImportTime" Val="1519141914"/>
        <Attr Name="UsedIn" Val="synthesis"/>
        <Attr Name="UsedIn" Val="simulation"/>
      </FileInfo>
    </File>
    <Config>
      <Option Name="DesignMode" Val="RTL"/>
      <Option Name="TopModule" Val="System_wrapper"/>
      <Option Name="TopAutoSet" Val="TRUE"/>
    </Config>
  </FileSet>
  <FileSet Name="constrs_in" Type="Constrs" RelSrcDir="$PSRCDIR/constrs_1">
    <Filter Type="Constrs"/>
    <File Path="$PSRCDIR/constrs_1/imports/Labo1/Nexys4_Master(1).xdc">
      <FileInfo>
        <Attr Name="Library" Val="xil_defaultlib"/>
        <Attr Name="ImportPath" Val="H:/Fase 2/Sem 2/Embed proc/Labo1/Nexys4_Master(1).xdc"/>
        <Attr Name="ImportTime" Val="1519139084"/>
        <Attr Name="UsedIn" Val="synthesis"/>
        <Attr Name="UsedIn" Val="implementation"/>
      </FileInfo>
    </File>
    <Config>
      <Option Name="ConstrsType" Val="XDC"/>
    </Config>
  </FileSet>
  <Strategy Version="1" Minor="2">
    <StratHandle Name="Vivado Synthesis Defaults" Flow="Vivado Synthesis 2014"/>
    <Step Id="synth_design"/>
  </Strategy>
</GenRun>
