<?xml version="1.0"?>
<Project Version="1" Minor="0">
	<BUILD_NUMBER Name="932637"/>
	<FULL_BUILD Name="SW Build 932637 on Wed Jun 11 13:33:10 MDT 2014"/>
	<MODE Name="Post-Bitstream"/>
	<SYSTEMINFO BOARD="" ARCH="artix7" PACKAGE="csg324" DEVICE="7a100t" SPEED="-1"/>
	<HIERARCHY Name="System_i"/>
	<File Type="HW_HANDOFF" Name="System.hwh" ModTime="1526392272"/>
	<File Type="BIT" Name="System_wrapper.bit" ModTime="1526392661"/>
	<File Type="BMM" Name="System_wrapper_bd.bmm" ModTime="1526392631"/>
</Project>

