<?xml version="1.0" encoding="UTF-8"?>
<spirit:component xmlns:xilinx="http://www.xilinx.com" xmlns:spirit="http://www.spiritconsortium.org/XMLSchema/SPIRIT/1685-2009" xmlns:xsi="http://www.w3.org/2001/XMLSchema-instance">
  <spirit:vendor>xilinx.com</spirit:vendor>
  <spirit:library>customized_ip</spirit:library>
  <spirit:name>System_axi_timer_0_0</spirit:name>
  <spirit:version>1.0</spirit:version>
  <spirit:busInterfaces>
    <spirit:busInterface>
      <spirit:name>S_AXI</spirit:name>
      <spirit:displayName>S_AXI</spirit:displayName>
      <spirit:description>Lite interface</spirit:description>
      <spirit:busType spirit:vendor="xilinx.com" spirit:library="interface" spirit:name="aximm" spirit:version="1.0"/>
      <spirit:abstractionType spirit:vendor="xilinx.com" spirit:library="interface" spirit:name="aximm_rtl" spirit:version="1.0"/>
      <spirit:slave/>
      <spirit:portMaps>
        <spirit:portMap>
          <spirit:logicalPort>
            <spirit:name>ARADDR</spirit:name>
          </spirit:logicalPort>
          <spirit:physicalPort>
            <spirit:name>s_axi_araddr</spirit:name>
          </spirit:physicalPort>
        </spirit:portMap>
        <spirit:portMap>
          <spirit:logicalPort>
            <spirit:name>ARREADY</spirit:name>
          </spirit:logicalPort>
          <spirit:physicalPort>
            <spirit:name>s_axi_arready</spirit:name>
          </spirit:physicalPort>
        </spirit:portMap>
        <spirit:portMap>
          <spirit:logicalPort>
            <spirit:name>ARVALID</spirit:name>
          </spirit:logicalPort>
          <spirit:physicalPort>
            <spirit:name>s_axi_arvalid</spirit:name>
          </spirit:physicalPort>
        </spirit:portMap>
        <spirit:portMap>
          <spirit:logicalPort>
            <spirit:name>AWADDR</spirit:name>
          </spirit:logicalPort>
          <spirit:physicalPort>
            <spirit:name>s_axi_awaddr</spirit:name>
          </spirit:physicalPort>
        </spirit:portMap>
        <spirit:portMap>
          <spirit:logicalPort>
            <spirit:name>AWREADY</spirit:name>
          </spirit:logicalPort>
          <spirit:physicalPort>
            <spirit:name>s_axi_awready</spirit:name>
          </spirit:physicalPort>
        </spirit:portMap>
        <spirit:portMap>
          <spirit:logicalPort>
            <spirit:name>AWVALID</spirit:name>
          </spirit:logicalPort>
          <spirit:physicalPort>
            <spirit:name>s_axi_awvalid</spirit:name>
          </spirit:physicalPort>
        </spirit:portMap>
        <spirit:portMap>
          <spirit:logicalPort>
            <spirit:name>BREADY</spirit:name>
          </spirit:logicalPort>
          <spirit:physicalPort>
            <spirit:name>s_axi_bready</spirit:name>
          </spirit:physicalPort>
        </spirit:portMap>
        <spirit:portMap>
          <spirit:logicalPort>
            <spirit:name>BRESP</spirit:name>
          </spirit:logicalPort>
          <spirit:physicalPort>
            <spirit:name>s_axi_bresp</spirit:name>
          </spirit:physicalPort>
        </spirit:portMap>
        <spirit:portMap>
          <spirit:logicalPort>
            <spirit:name>BVALID</spirit:name>
          </spirit:logicalPort>
          <spirit:physicalPort>
            <spirit:name>s_axi_bvalid</spirit:name>
          </spirit:physicalPort>
        </spirit:portMap>
        <spirit:portMap>
          <spirit:logicalPort>
            <spirit:name>RDATA</spirit:name>
          </spirit:logicalPort>
          <spirit:physicalPort>
            <spirit:name>s_axi_rdata</spirit:name>
          </spirit:physicalPort>
        </spirit:portMap>
        <spirit:portMap>
          <spirit:logicalPort>
            <spirit:name>RREADY</spirit:name>
          </spirit:logicalPort>
          <spirit:physicalPort>
            <spirit:name>s_axi_rready</spirit:name>
          </spirit:physicalPort>
        </spirit:portMap>
        <spirit:portMap>
          <spirit:logicalPort>
            <spirit:name>RRESP</spirit:name>
          </spirit:logicalPort>
          <spirit:physicalPort>
            <spirit:name>s_axi_rresp</spirit:name>
          </spirit:physicalPort>
        </spirit:portMap>
        <spirit:portMap>
          <spirit:logicalPort>
            <spirit:name>RVALID</spirit:name>
          </spirit:logicalPort>
          <spirit:physicalPort>
            <spirit:name>s_axi_rvalid</spirit:name>
          </spirit:physicalPort>
        </spirit:portMap>
        <spirit:portMap>
          <spirit:logicalPort>
            <spirit:name>WDATA</spirit:name>
          </spirit:logicalPort>
          <spirit:physicalPort>
            <spirit:name>s_axi_wdata</spirit:name>
          </spirit:physicalPort>
        </spirit:portMap>
        <spirit:portMap>
          <spirit:logicalPort>
            <spirit:name>WREADY</spirit:name>
          </spirit:logicalPort>
          <spirit:physicalPort>
            <spirit:name>s_axi_wready</spirit:name>
          </spirit:physicalPort>
        </spirit:portMap>
        <spirit:portMap>
          <spirit:logicalPort>
            <spirit:name>WSTRB</spirit:name>
          </spirit:logicalPort>
          <spirit:physicalPort>
            <spirit:name>s_axi_wstrb</spirit:name>
          </spirit:physicalPort>
        </spirit:portMap>
        <spirit:portMap>
          <spirit:logicalPort>
            <spirit:name>WVALID</spirit:name>
          </spirit:logicalPort>
          <spirit:physicalPort>
            <spirit:name>s_axi_wvalid</spirit:name>
          </spirit:physicalPort>
        </spirit:portMap>
      </spirit:portMaps>
    </spirit:busInterface>
    <spirit:busInterface>
      <spirit:name>S_AXI_ACLK</spirit:name>
      <spirit:displayName>s_axi_aclk</spirit:displayName>
      <spirit:description>Axi Clock</spirit:description>
      <spirit:busType spirit:vendor="xilinx.com" spirit:library="signal" spirit:name="clock" spirit:version="1.0"/>
      <spirit:abstractionType spirit:vendor="xilinx.com" spirit:library="signal" spirit:name="clock_rtl" spirit:version="1.0"/>
      <spirit:slave/>
      <spirit:portMaps>
        <spirit:portMap>
          <spirit:logicalPort>
            <spirit:name>CLK</spirit:name>
          </spirit:logicalPort>
          <spirit:physicalPort>
            <spirit:name>s_axi_aclk</spirit:name>
          </spirit:physicalPort>
        </spirit:portMap>
      </spirit:portMaps>
      <spirit:parameters>
        <spirit:parameter>
          <spirit:name>ASSOCIATED_BUSIF</spirit:name>
          <spirit:value spirit:id="BUSIFPARAM_VALUE.S_AXI_ACLK.ASSOCIATED_BUSIF">S_AXI</spirit:value>
        </spirit:parameter>
        <spirit:parameter>
          <spirit:name>ASSOCIATED_RESET</spirit:name>
          <spirit:value spirit:id="BUSIFPARAM_VALUE.S_AXI_ACLK.ASSOCIATED_RESET">s_axi_aresetn</spirit:value>
        </spirit:parameter>
      </spirit:parameters>
    </spirit:busInterface>
    <spirit:busInterface>
      <spirit:name>S_AXI_RST</spirit:name>
      <spirit:displayName>s_axi_rst</spirit:displayName>
      <spirit:description>AXI Reset</spirit:description>
      <spirit:busType spirit:vendor="xilinx.com" spirit:library="signal" spirit:name="reset" spirit:version="1.0"/>
      <spirit:abstractionType spirit:vendor="xilinx.com" spirit:library="signal" spirit:name="reset_rtl" spirit:version="1.0"/>
      <spirit:slave/>
      <spirit:portMaps>
        <spirit:portMap>
          <spirit:logicalPort>
            <spirit:name>RST</spirit:name>
          </spirit:logicalPort>
          <spirit:physicalPort>
            <spirit:name>s_axi_aresetn</spirit:name>
          </spirit:physicalPort>
        </spirit:portMap>
      </spirit:portMaps>
      <spirit:parameters>
        <spirit:parameter>
          <spirit:name>POLARITY</spirit:name>
          <spirit:value spirit:id="BUSIFPARAM_VALUE.S_AXI_RST.POLARITY">ACTIVE_LOW</spirit:value>
        </spirit:parameter>
      </spirit:parameters>
    </spirit:busInterface>
    <spirit:busInterface>
      <spirit:name>INTERRUPT</spirit:name>
      <spirit:displayName>INTERRUPT</spirit:displayName>
      <spirit:description>Interrupt</spirit:description>
      <spirit:busType spirit:vendor="xilinx.com" spirit:library="signal" spirit:name="interrupt" spirit:version="1.0"/>
      <spirit:abstractionType spirit:vendor="xilinx.com" spirit:library="signal" spirit:name="interrupt_rtl" spirit:version="1.0"/>
      <spirit:master/>
      <spirit:portMaps>
        <spirit:portMap>
          <spirit:logicalPort>
            <spirit:name>INTERRUPT</spirit:name>
          </spirit:logicalPort>
          <spirit:physicalPort>
            <spirit:name>interrupt</spirit:name>
          </spirit:physicalPort>
        </spirit:portMap>
      </spirit:portMaps>
      <spirit:parameters>
        <spirit:parameter>
          <spirit:name>SENSITIVITY</spirit:name>
          <spirit:value spirit:id="BUSIFPARAM_VALUE.INTERRUPT.SENSITIVITY">LEVEL_HIGH</spirit:value>
        </spirit:parameter>
      </spirit:parameters>
    </spirit:busInterface>
  </spirit:busInterfaces>
  <spirit:model>
    <spirit:views>
      <spirit:view>
        <spirit:name>xilinx_vhdlsynthesis</spirit:name>
        <spirit:displayName>VHDL Synthesis</spirit:displayName>
        <spirit:envIdentifier>vhdlSource:vivado.xilinx.com:synthesis</spirit:envIdentifier>
        <spirit:language>vhdl</spirit:language>
        <spirit:fileSetRef>
          <spirit:localName>xilinx_vhdlsynthesis_xilinx_com_ip_blk_mem_gen_8_2__ref_view_fileset</spirit:localName>
        </spirit:fileSetRef>
        <spirit:fileSetRef>
          <spirit:localName>xilinx_vhdlsynthesis_xilinx_com_ip_fifo_generator_12_0__ref_view_fileset</spirit:localName>
        </spirit:fileSetRef>
        <spirit:fileSetRef>
          <spirit:localName>xilinx_vhdlsynthesis_xilinx_com_ip_proc_common_4_0__ref_view_fileset</spirit:localName>
        </spirit:fileSetRef>
        <spirit:fileSetRef>
          <spirit:localName>xilinx_vhdlsynthesis_xilinx_com_ip_axi_lite_ipif_2_0__ref_view_fileset</spirit:localName>
        </spirit:fileSetRef>
        <spirit:fileSetRef>
          <spirit:localName>xilinx_vhdlsynthesis_view_fileset</spirit:localName>
        </spirit:fileSetRef>
        <spirit:parameters>
          <spirit:parameter>
            <spirit:name>customizationCRC</spirit:name>
            <spirit:value>1cee7d53</spirit:value>
          </spirit:parameter>
          <spirit:parameter>
            <spirit:name>customizationCRCversion</spirit:name>
            <spirit:value>4</spirit:value>
          </spirit:parameter>
          <spirit:parameter>
            <spirit:name>GENtimestamp</spirit:name>
            <spirit:value>Tue May 15 15:16:12 UTC 2018</spirit:value>
          </spirit:parameter>
          <spirit:parameter>
            <spirit:name>StaleAtRelink</spirit:name>
            <spirit:value>false</spirit:value>
          </spirit:parameter>
        </spirit:parameters>
      </spirit:view>
      <spirit:view>
        <spirit:name>xilinx_vhdlsynthesiswrapper</spirit:name>
        <spirit:displayName>VHDL Synthesis Wrapper</spirit:displayName>
        <spirit:envIdentifier>vhdlSource:vivado.xilinx.com:synthesis.wrapper</spirit:envIdentifier>
        <spirit:language>vhdl</spirit:language>
        <spirit:fileSetRef>
          <spirit:localName>xilinx_vhdlsynthesiswrapper_view_fileset</spirit:localName>
        </spirit:fileSetRef>
        <spirit:parameters>
          <spirit:parameter>
            <spirit:name>customizationCRC</spirit:name>
            <spirit:value>1cee7d53</spirit:value>
          </spirit:parameter>
          <spirit:parameter>
            <spirit:name>customizationCRCversion</spirit:name>
            <spirit:value>4</spirit:value>
          </spirit:parameter>
          <spirit:parameter>
            <spirit:name>GENtimestamp</spirit:name>
            <spirit:value>Tue May 15 15:16:12 UTC 2018</spirit:value>
          </spirit:parameter>
          <spirit:parameter>
            <spirit:name>StaleAtRelink</spirit:name>
            <spirit:value>false</spirit:value>
          </spirit:parameter>
        </spirit:parameters>
      </spirit:view>
    </spirit:views>
    <spirit:ports>
      <spirit:port>
        <spirit:name>capturetrig0</spirit:name>
        <spirit:wire>
          <spirit:direction>in</spirit:direction>
          <spirit:wireTypeDefs>
            <spirit:wireTypeDef>
              <spirit:typeName>std_logic</spirit:typeName>
              <spirit:viewNameRef>xilinx_vhdlsynthesis</spirit:viewNameRef>
            </spirit:wireTypeDef>
          </spirit:wireTypeDefs>
          <spirit:driver>
            <spirit:defaultValue spirit:format="bitString" spirit:bitStringLength="1">0</spirit:defaultValue>
          </spirit:driver>
        </spirit:wire>
      </spirit:port>
      <spirit:port>
        <spirit:name>capturetrig1</spirit:name>
        <spirit:wire>
          <spirit:direction>in</spirit:direction>
          <spirit:wireTypeDefs>
            <spirit:wireTypeDef>
              <spirit:typeName>std_logic</spirit:typeName>
              <spirit:viewNameRef>xilinx_vhdlsynthesis</spirit:viewNameRef>
            </spirit:wireTypeDef>
          </spirit:wireTypeDefs>
          <spirit:driver>
            <spirit:defaultValue spirit:format="bitString" spirit:bitStringLength="1">0</spirit:defaultValue>
          </spirit:driver>
        </spirit:wire>
      </spirit:port>
      <spirit:port>
        <spirit:name>generateout0</spirit:name>
        <spirit:wire>
          <spirit:direction>out</spirit:direction>
          <spirit:wireTypeDefs>
            <spirit:wireTypeDef>
              <spirit:typeName>std_logic</spirit:typeName>
              <spirit:viewNameRef>xilinx_vhdlsynthesis</spirit:viewNameRef>
            </spirit:wireTypeDef>
          </spirit:wireTypeDefs>
        </spirit:wire>
      </spirit:port>
      <spirit:port>
        <spirit:name>generateout1</spirit:name>
        <spirit:wire>
          <spirit:direction>out</spirit:direction>
          <spirit:wireTypeDefs>
            <spirit:wireTypeDef>
              <spirit:typeName>std_logic</spirit:typeName>
              <spirit:viewNameRef>xilinx_vhdlsynthesis</spirit:viewNameRef>
            </spirit:wireTypeDef>
          </spirit:wireTypeDefs>
        </spirit:wire>
      </spirit:port>
      <spirit:port>
        <spirit:name>pwm0</spirit:name>
        <spirit:wire>
          <spirit:direction>out</spirit:direction>
          <spirit:wireTypeDefs>
            <spirit:wireTypeDef>
              <spirit:typeName>std_logic</spirit:typeName>
              <spirit:viewNameRef>xilinx_vhdlsynthesis</spirit:viewNameRef>
            </spirit:wireTypeDef>
          </spirit:wireTypeDefs>
        </spirit:wire>
      </spirit:port>
      <spirit:port>
        <spirit:name>interrupt</spirit:name>
        <spirit:wire>
          <spirit:direction>out</spirit:direction>
          <spirit:wireTypeDefs>
            <spirit:wireTypeDef>
              <spirit:typeName>std_logic</spirit:typeName>
              <spirit:viewNameRef>xilinx_vhdlsynthesis</spirit:viewNameRef>
            </spirit:wireTypeDef>
          </spirit:wireTypeDefs>
        </spirit:wire>
        <spirit:vendorExtensions>
          <xilinx:portInfo>
            <xilinx:enablement>
              <xilinx:isEnabled>true</xilinx:isEnabled>
            </xilinx:enablement>
          </xilinx:portInfo>
        </spirit:vendorExtensions>
      </spirit:port>
      <spirit:port>
        <spirit:name>freeze</spirit:name>
        <spirit:wire>
          <spirit:direction>in</spirit:direction>
          <spirit:wireTypeDefs>
            <spirit:wireTypeDef>
              <spirit:typeName>std_logic</spirit:typeName>
              <spirit:viewNameRef>xilinx_vhdlsynthesis</spirit:viewNameRef>
            </spirit:wireTypeDef>
          </spirit:wireTypeDefs>
          <spirit:driver>
            <spirit:defaultValue spirit:format="bitString" spirit:bitStringLength="1">0</spirit:defaultValue>
          </spirit:driver>
        </spirit:wire>
      </spirit:port>
      <spirit:port>
        <spirit:name>s_axi_aclk</spirit:name>
        <spirit:wire>
          <spirit:direction>in</spirit:direction>
          <spirit:wireTypeDefs>
            <spirit:wireTypeDef>
              <spirit:typeName>std_logic</spirit:typeName>
              <spirit:viewNameRef>xilinx_vhdlsynthesis</spirit:viewNameRef>
            </spirit:wireTypeDef>
          </spirit:wireTypeDefs>
        </spirit:wire>
        <spirit:vendorExtensions>
          <xilinx:portInfo>
            <xilinx:enablement>
              <xilinx:isEnabled>true</xilinx:isEnabled>
            </xilinx:enablement>
          </xilinx:portInfo>
        </spirit:vendorExtensions>
      </spirit:port>
      <spirit:port>
        <spirit:name>s_axi_aresetn</spirit:name>
        <spirit:wire>
          <spirit:direction>in</spirit:direction>
          <spirit:wireTypeDefs>
            <spirit:wireTypeDef>
              <spirit:typeName>std_logic</spirit:typeName>
              <spirit:viewNameRef>xilinx_vhdlsynthesis</spirit:viewNameRef>
            </spirit:wireTypeDef>
          </spirit:wireTypeDefs>
          <spirit:driver>
            <spirit:defaultValue spirit:format="bitString" spirit:bitStringLength="1">0x1</spirit:defaultValue>
          </spirit:driver>
        </spirit:wire>
        <spirit:vendorExtensions>
          <xilinx:portInfo>
            <xilinx:enablement>
              <xilinx:isEnabled>true</xilinx:isEnabled>
            </xilinx:enablement>
          </xilinx:portInfo>
        </spirit:vendorExtensions>
      </spirit:port>
      <spirit:port>
        <spirit:name>s_axi_awaddr</spirit:name>
        <spirit:wire>
          <spirit:direction>in</spirit:direction>
          <spirit:vector>
            <spirit:left spirit:format="long" spirit:resolve="immediate">4</spirit:left>
            <spirit:right spirit:format="long" spirit:resolve="immediate">0</spirit:right>
          </spirit:vector>
          <spirit:wireTypeDefs>
            <spirit:wireTypeDef>
              <spirit:typeName>std_logic_vector</spirit:typeName>
              <spirit:viewNameRef>xilinx_vhdlsynthesis</spirit:viewNameRef>
            </spirit:wireTypeDef>
          </spirit:wireTypeDefs>
        </spirit:wire>
        <spirit:vendorExtensions>
          <xilinx:portInfo>
            <xilinx:enablement>
              <xilinx:isEnabled>true</xilinx:isEnabled>
            </xilinx:enablement>
          </xilinx:portInfo>
        </spirit:vendorExtensions>
      </spirit:port>
      <spirit:port>
        <spirit:name>s_axi_awvalid</spirit:name>
        <spirit:wire>
          <spirit:direction>in</spirit:direction>
          <spirit:wireTypeDefs>
            <spirit:wireTypeDef>
              <spirit:typeName>std_logic</spirit:typeName>
              <spirit:viewNameRef>xilinx_vhdlsynthesis</spirit:viewNameRef>
            </spirit:wireTypeDef>
          </spirit:wireTypeDefs>
        </spirit:wire>
        <spirit:vendorExtensions>
          <xilinx:portInfo>
            <xilinx:enablement>
              <xilinx:isEnabled>true</xilinx:isEnabled>
            </xilinx:enablement>
          </xilinx:portInfo>
        </spirit:vendorExtensions>
      </spirit:port>
      <spirit:port>
        <spirit:name>s_axi_awready</spirit:name>
        <spirit:wire>
          <spirit:direction>out</spirit:direction>
          <spirit:wireTypeDefs>
            <spirit:wireTypeDef>
              <spirit:typeName>std_logic</spirit:typeName>
              <spirit:viewNameRef>xilinx_vhdlsynthesis</spirit:viewNameRef>
            </spirit:wireTypeDef>
          </spirit:wireTypeDefs>
        </spirit:wire>
        <spirit:vendorExtensions>
          <xilinx:portInfo>
            <xilinx:enablement>
              <xilinx:isEnabled>true</xilinx:isEnabled>
            </xilinx:enablement>
          </xilinx:portInfo>
        </spirit:vendorExtensions>
      </spirit:port>
      <spirit:port>
        <spirit:name>s_axi_wdata</spirit:name>
        <spirit:wire>
          <spirit:direction>in</spirit:direction>
          <spirit:vector>
            <spirit:left spirit:format="long" spirit:resolve="immediate">31</spirit:left>
            <spirit:right spirit:format="long" spirit:resolve="immediate">0</spirit:right>
          </spirit:vector>
          <spirit:wireTypeDefs>
            <spirit:wireTypeDef>
              <spirit:typeName>std_logic_vector</spirit:typeName>
              <spirit:viewNameRef>xilinx_vhdlsynthesis</spirit:viewNameRef>
            </spirit:wireTypeDef>
          </spirit:wireTypeDefs>
        </spirit:wire>
        <spirit:vendorExtensions>
          <xilinx:portInfo>
            <xilinx:enablement>
              <xilinx:isEnabled>true</xilinx:isEnabled>
            </xilinx:enablement>
          </xilinx:portInfo>
        </spirit:vendorExtensions>
      </spirit:port>
      <spirit:port>
        <spirit:name>s_axi_wstrb</spirit:name>
        <spirit:wire>
          <spirit:direction>in</spirit:direction>
          <spirit:vector>
            <spirit:left spirit:format="long" spirit:resolve="immediate">3</spirit:left>
            <spirit:right spirit:format="long" spirit:resolve="immediate">0</spirit:right>
          </spirit:vector>
          <spirit:wireTypeDefs>
            <spirit:wireTypeDef>
              <spirit:typeName>std_logic_vector</spirit:typeName>
              <spirit:viewNameRef>xilinx_vhdlsynthesis</spirit:viewNameRef>
            </spirit:wireTypeDef>
          </spirit:wireTypeDefs>
        </spirit:wire>
        <spirit:vendorExtensions>
          <xilinx:portInfo>
            <xilinx:enablement>
              <xilinx:isEnabled>true</xilinx:isEnabled>
            </xilinx:enablement>
          </xilinx:portInfo>
        </spirit:vendorExtensions>
      </spirit:port>
      <spirit:port>
        <spirit:name>s_axi_wvalid</spirit:name>
        <spirit:wire>
          <spirit:direction>in</spirit:direction>
          <spirit:wireTypeDefs>
            <spirit:wireTypeDef>
              <spirit:typeName>std_logic</spirit:typeName>
              <spirit:viewNameRef>xilinx_vhdlsynthesis</spirit:viewNameRef>
            </spirit:wireTypeDef>
          </spirit:wireTypeDefs>
        </spirit:wire>
        <spirit:vendorExtensions>
          <xilinx:portInfo>
            <xilinx:enablement>
              <xilinx:isEnabled>true</xilinx:isEnabled>
            </xilinx:enablement>
          </xilinx:portInfo>
        </spirit:vendorExtensions>
      </spirit:port>
      <spirit:port>
        <spirit:name>s_axi_wready</spirit:name>
        <spirit:wire>
          <spirit:direction>out</spirit:direction>
          <spirit:wireTypeDefs>
            <spirit:wireTypeDef>
              <spirit:typeName>std_logic</spirit:typeName>
              <spirit:viewNameRef>xilinx_vhdlsynthesis</spirit:viewNameRef>
            </spirit:wireTypeDef>
          </spirit:wireTypeDefs>
        </spirit:wire>
        <spirit:vendorExtensions>
          <xilinx:portInfo>
            <xilinx:enablement>
              <xilinx:isEnabled>true</xilinx:isEnabled>
            </xilinx:enablement>
          </xilinx:portInfo>
        </spirit:vendorExtensions>
      </spirit:port>
      <spirit:port>
        <spirit:name>s_axi_bresp</spirit:name>
        <spirit:wire>
          <spirit:direction>out</spirit:direction>
          <spirit:vector>
            <spirit:left spirit:format="long" spirit:resolve="immediate">1</spirit:left>
            <spirit:right spirit:format="long" spirit:resolve="immediate">0</spirit:right>
          </spirit:vector>
          <spirit:wireTypeDefs>
            <spirit:wireTypeDef>
              <spirit:typeName>std_logic_vector</spirit:typeName>
              <spirit:viewNameRef>xilinx_vhdlsynthesis</spirit:viewNameRef>
            </spirit:wireTypeDef>
          </spirit:wireTypeDefs>
        </spirit:wire>
        <spirit:vendorExtensions>
          <xilinx:portInfo>
            <xilinx:enablement>
              <xilinx:isEnabled>true</xilinx:isEnabled>
            </xilinx:enablement>
          </xilinx:portInfo>
        </spirit:vendorExtensions>
      </spirit:port>
      <spirit:port>
        <spirit:name>s_axi_bvalid</spirit:name>
        <spirit:wire>
          <spirit:direction>out</spirit:direction>
          <spirit:wireTypeDefs>
            <spirit:wireTypeDef>
              <spirit:typeName>std_logic</spirit:typeName>
              <spirit:viewNameRef>xilinx_vhdlsynthesis</spirit:viewNameRef>
            </spirit:wireTypeDef>
          </spirit:wireTypeDefs>
        </spirit:wire>
        <spirit:vendorExtensions>
          <xilinx:portInfo>
            <xilinx:enablement>
              <xilinx:isEnabled>true</xilinx:isEnabled>
            </xilinx:enablement>
          </xilinx:portInfo>
        </spirit:vendorExtensions>
      </spirit:port>
      <spirit:port>
        <spirit:name>s_axi_bready</spirit:name>
        <spirit:wire>
          <spirit:direction>in</spirit:direction>
          <spirit:wireTypeDefs>
            <spirit:wireTypeDef>
              <spirit:typeName>std_logic</spirit:typeName>
              <spirit:viewNameRef>xilinx_vhdlsynthesis</spirit:viewNameRef>
            </spirit:wireTypeDef>
          </spirit:wireTypeDefs>
        </spirit:wire>
        <spirit:vendorExtensions>
          <xilinx:portInfo>
            <xilinx:enablement>
              <xilinx:isEnabled>true</xilinx:isEnabled>
            </xilinx:enablement>
          </xilinx:portInfo>
        </spirit:vendorExtensions>
      </spirit:port>
      <spirit:port>
        <spirit:name>s_axi_araddr</spirit:name>
        <spirit:wire>
          <spirit:direction>in</spirit:direction>
          <spirit:vector>
            <spirit:left spirit:format="long" spirit:resolve="immediate">4</spirit:left>
            <spirit:right spirit:format="long" spirit:resolve="immediate">0</spirit:right>
          </spirit:vector>
          <spirit:wireTypeDefs>
            <spirit:wireTypeDef>
              <spirit:typeName>std_logic_vector</spirit:typeName>
              <spirit:viewNameRef>xilinx_vhdlsynthesis</spirit:viewNameRef>
            </spirit:wireTypeDef>
          </spirit:wireTypeDefs>
        </spirit:wire>
        <spirit:vendorExtensions>
          <xilinx:portInfo>
            <xilinx:enablement>
              <xilinx:isEnabled>true</xilinx:isEnabled>
            </xilinx:enablement>
          </xilinx:portInfo>
        </spirit:vendorExtensions>
      </spirit:port>
      <spirit:port>
        <spirit:name>s_axi_arvalid</spirit:name>
        <spirit:wire>
          <spirit:direction>in</spirit:direction>
          <spirit:wireTypeDefs>
            <spirit:wireTypeDef>
              <spirit:typeName>std_logic</spirit:typeName>
              <spirit:viewNameRef>xilinx_vhdlsynthesis</spirit:viewNameRef>
            </spirit:wireTypeDef>
          </spirit:wireTypeDefs>
        </spirit:wire>
        <spirit:vendorExtensions>
          <xilinx:portInfo>
            <xilinx:enablement>
              <xilinx:isEnabled>true</xilinx:isEnabled>
            </xilinx:enablement>
          </xilinx:portInfo>
        </spirit:vendorExtensions>
      </spirit:port>
      <spirit:port>
        <spirit:name>s_axi_arready</spirit:name>
        <spirit:wire>
          <spirit:direction>out</spirit:direction>
          <spirit:wireTypeDefs>
            <spirit:wireTypeDef>
              <spirit:typeName>std_logic</spirit:typeName>
              <spirit:viewNameRef>xilinx_vhdlsynthesis</spirit:viewNameRef>
            </spirit:wireTypeDef>
          </spirit:wireTypeDefs>
        </spirit:wire>
        <spirit:vendorExtensions>
          <xilinx:portInfo>
            <xilinx:enablement>
              <xilinx:isEnabled>true</xilinx:isEnabled>
            </xilinx:enablement>
          </xilinx:portInfo>
        </spirit:vendorExtensions>
      </spirit:port>
      <spirit:port>
        <spirit:name>s_axi_rdata</spirit:name>
        <spirit:wire>
          <spirit:direction>out</spirit:direction>
          <spirit:vector>
            <spirit:left spirit:format="long" spirit:resolve="immediate">31</spirit:left>
            <spirit:right spirit:format="long" spirit:resolve="immediate">0</spirit:right>
          </spirit:vector>
          <spirit:wireTypeDefs>
            <spirit:wireTypeDef>
              <spirit:typeName>std_logic_vector</spirit:typeName>
              <spirit:viewNameRef>xilinx_vhdlsynthesis</spirit:viewNameRef>
            </spirit:wireTypeDef>
          </spirit:wireTypeDefs>
        </spirit:wire>
        <spirit:vendorExtensions>
          <xilinx:portInfo>
            <xilinx:enablement>
              <xilinx:isEnabled>true</xilinx:isEnabled>
            </xilinx:enablement>
          </xilinx:portInfo>
        </spirit:vendorExtensions>
      </spirit:port>
      <spirit:port>
        <spirit:name>s_axi_rresp</spirit:name>
        <spirit:wire>
          <spirit:direction>out</spirit:direction>
          <spirit:vector>
            <spirit:left spirit:format="long" spirit:resolve="immediate">1</spirit:left>
            <spirit:right spirit:format="long" spirit:resolve="immediate">0</spirit:right>
          </spirit:vector>
          <spirit:wireTypeDefs>
            <spirit:wireTypeDef>
              <spirit:typeName>std_logic_vector</spirit:typeName>
              <spirit:viewNameRef>xilinx_vhdlsynthesis</spirit:viewNameRef>
            </spirit:wireTypeDef>
          </spirit:wireTypeDefs>
        </spirit:wire>
        <spirit:vendorExtensions>
          <xilinx:portInfo>
            <xilinx:enablement>
              <xilinx:isEnabled>true</xilinx:isEnabled>
            </xilinx:enablement>
          </xilinx:portInfo>
        </spirit:vendorExtensions>
      </spirit:port>
      <spirit:port>
        <spirit:name>s_axi_rvalid</spirit:name>
        <spirit:wire>
          <spirit:direction>out</spirit:direction>
          <spirit:wireTypeDefs>
            <spirit:wireTypeDef>
              <spirit:typeName>std_logic</spirit:typeName>
              <spirit:viewNameRef>xilinx_vhdlsynthesis</spirit:viewNameRef>
            </spirit:wireTypeDef>
          </spirit:wireTypeDefs>
        </spirit:wire>
        <spirit:vendorExtensions>
          <xilinx:portInfo>
            <xilinx:enablement>
              <xilinx:isEnabled>true</xilinx:isEnabled>
            </xilinx:enablement>
          </xilinx:portInfo>
        </spirit:vendorExtensions>
      </spirit:port>
      <spirit:port>
        <spirit:name>s_axi_rready</spirit:name>
        <spirit:wire>
          <spirit:direction>in</spirit:direction>
          <spirit:wireTypeDefs>
            <spirit:wireTypeDef>
              <spirit:typeName>std_logic</spirit:typeName>
              <spirit:viewNameRef>xilinx_vhdlsynthesis</spirit:viewNameRef>
            </spirit:wireTypeDef>
          </spirit:wireTypeDefs>
        </spirit:wire>
        <spirit:vendorExtensions>
          <xilinx:portInfo>
            <xilinx:enablement>
              <xilinx:isEnabled>true</xilinx:isEnabled>
            </xilinx:enablement>
          </xilinx:portInfo>
        </spirit:vendorExtensions>
      </spirit:port>
    </spirit:ports>
    <spirit:modelParameters>
      <spirit:modelParameter xsi:type="spirit:nameValueTypeType" spirit:dataType="string">
        <spirit:name>C_FAMILY</spirit:name>
        <spirit:value spirit:format="string" spirit:resolve="generated" spirit:id="MODELPARAM_VALUE.C_FAMILY">artix7</spirit:value>
      </spirit:modelParameter>
      <spirit:modelParameter spirit:dataType="integer">
        <spirit:name>C_COUNT_WIDTH</spirit:name>
        <spirit:displayName>Count Width</spirit:displayName>
        <spirit:value spirit:format="long" spirit:resolve="generated" spirit:id="MODELPARAM_VALUE.C_COUNT_WIDTH" spirit:minimum="8" spirit:maximum="32">32</spirit:value>
      </spirit:modelParameter>
      <spirit:modelParameter spirit:dataType="integer">
        <spirit:name>C_ONE_TIMER_ONLY</spirit:name>
        <spirit:displayName>One Timer Only</spirit:displayName>
        <spirit:value spirit:format="long" spirit:resolve="generated" spirit:id="MODELPARAM_VALUE.C_ONE_TIMER_ONLY">0</spirit:value>
      </spirit:modelParameter>
      <spirit:modelParameter spirit:dataType="std_logic">
        <spirit:name>C_TRIG0_ASSERT</spirit:name>
        <spirit:displayName>Trig0 Assert</spirit:displayName>
        <spirit:value spirit:format="bitString" spirit:resolve="generated" spirit:id="MODELPARAM_VALUE.C_TRIG0_ASSERT" spirit:bitStringLength="1">&quot;1&quot;</spirit:value>
      </spirit:modelParameter>
      <spirit:modelParameter spirit:dataType="std_logic">
        <spirit:name>C_TRIG1_ASSERT</spirit:name>
        <spirit:displayName>Trig1 Assert</spirit:displayName>
        <spirit:value spirit:format="bitString" spirit:resolve="generated" spirit:id="MODELPARAM_VALUE.C_TRIG1_ASSERT" spirit:bitStringLength="1">&quot;1&quot;</spirit:value>
      </spirit:modelParameter>
      <spirit:modelParameter spirit:dataType="std_logic">
        <spirit:name>C_GEN0_ASSERT</spirit:name>
        <spirit:displayName>Gen0 Assert</spirit:displayName>
        <spirit:value spirit:format="bitString" spirit:resolve="generated" spirit:id="MODELPARAM_VALUE.C_GEN0_ASSERT" spirit:bitStringLength="1">&quot;1&quot;</spirit:value>
      </spirit:modelParameter>
      <spirit:modelParameter spirit:dataType="std_logic">
        <spirit:name>C_GEN1_ASSERT</spirit:name>
        <spirit:displayName>Gen1 Assert</spirit:displayName>
        <spirit:value spirit:format="bitString" spirit:resolve="generated" spirit:id="MODELPARAM_VALUE.C_GEN1_ASSERT" spirit:bitStringLength="1">&quot;1&quot;</spirit:value>
      </spirit:modelParameter>
      <spirit:modelParameter spirit:dataType="integer">
        <spirit:name>C_S_AXI_DATA_WIDTH</spirit:name>
        <spirit:displayName>Axi Data Width</spirit:displayName>
        <spirit:value spirit:format="long" spirit:resolve="immediate" spirit:id="MODELPARAM_VALUE.C_S_AXI_DATA_WIDTH">32</spirit:value>
      </spirit:modelParameter>
      <spirit:modelParameter spirit:dataType="integer">
        <spirit:name>C_S_AXI_ADDR_WIDTH</spirit:name>
        <spirit:displayName>C S Axi Addr Width</spirit:displayName>
        <spirit:value spirit:format="long" spirit:resolve="immediate" spirit:id="MODELPARAM_VALUE.C_S_AXI_ADDR_WIDTH">5</spirit:value>
      </spirit:modelParameter>
    </spirit:modelParameters>
  </spirit:model>
  <spirit:choices>
    <spirit:choice>
      <spirit:name>choices_0</spirit:name>
      <spirit:enumeration spirit:text="Active High">Active_High</spirit:enumeration>
      <spirit:enumeration spirit:text="Active Low">Active_Low</spirit:enumeration>
    </spirit:choice>
    <spirit:choice>
      <spirit:name>choices_1</spirit:name>
      <spirit:enumeration spirit:text="Active High">Active_High</spirit:enumeration>
      <spirit:enumeration spirit:text="Active Low">Active_Low</spirit:enumeration>
    </spirit:choice>
    <spirit:choice>
      <spirit:name>choices_2</spirit:name>
      <spirit:enumeration spirit:text="Active High">Active_High</spirit:enumeration>
      <spirit:enumeration spirit:text="Active Low">Active_Low</spirit:enumeration>
    </spirit:choice>
    <spirit:choice>
      <spirit:name>choices_3</spirit:name>
      <spirit:enumeration spirit:text="Active High">Active_High</spirit:enumeration>
      <spirit:enumeration spirit:text="Active Low">Active_Low</spirit:enumeration>
    </spirit:choice>
    <spirit:choice>
      <spirit:name>choices_4</spirit:name>
      <spirit:enumeration>8</spirit:enumeration>
      <spirit:enumeration>16</spirit:enumeration>
      <spirit:enumeration>32</spirit:enumeration>
    </spirit:choice>
    <spirit:choice>
      <spirit:name>choices_5</spirit:name>
      <spirit:enumeration spirit:text="false">0</spirit:enumeration>
      <spirit:enumeration spirit:text="true">1</spirit:enumeration>
    </spirit:choice>
    <spirit:choice>
      <spirit:name>choices_6</spirit:name>
      <spirit:enumeration spirit:text="false">0</spirit:enumeration>
      <spirit:enumeration spirit:text="true">1</spirit:enumeration>
    </spirit:choice>
  </spirit:choices>
  <spirit:fileSets>
    <spirit:fileSet>
      <spirit:name>xilinx_vhdlsynthesis_view_fileset</spirit:name>
      <spirit:file>
        <spirit:name>../../../../ipshared/xilinx.com/axi_timer_v2_0/ed0d61d9/hdl/src/vhdl/tc_types.vhd</spirit:name>
        <spirit:fileType>vhdlSource</spirit:fileType>
        <spirit:logicalName>axi_timer_v2_0</spirit:logicalName>
      </spirit:file>
      <spirit:file>
        <spirit:name>../../../../ipshared/xilinx.com/axi_timer_v2_0/ed0d61d9/hdl/src/vhdl/timer_control.vhd</spirit:name>
        <spirit:fileType>vhdlSource</spirit:fileType>
        <spirit:logicalName>axi_timer_v2_0</spirit:logicalName>
      </spirit:file>
      <spirit:file>
        <spirit:name>../../../../ipshared/xilinx.com/axi_timer_v2_0/ed0d61d9/hdl/src/vhdl/count_module.vhd</spirit:name>
        <spirit:fileType>vhdlSource</spirit:fileType>
        <spirit:logicalName>axi_timer_v2_0</spirit:logicalName>
      </spirit:file>
      <spirit:file>
        <spirit:name>../../../../ipshared/xilinx.com/axi_timer_v2_0/ed0d61d9/hdl/src/vhdl/tc_core.vhd</spirit:name>
        <spirit:fileType>vhdlSource</spirit:fileType>
        <spirit:logicalName>axi_timer_v2_0</spirit:logicalName>
      </spirit:file>
      <spirit:file>
        <spirit:name>../../../../ipshared/xilinx.com/axi_timer_v2_0/ed0d61d9/hdl/src/vhdl/axi_timer.vhd</spirit:name>
        <spirit:fileType>vhdlSource</spirit:fileType>
        <spirit:logicalName>axi_timer_v2_0</spirit:logicalName>
      </spirit:file>
      <spirit:file>
        <spirit:name>System_axi_timer_0_0.xdc</spirit:name>
        <spirit:userFileType>xdc</spirit:userFileType>
      </spirit:file>
      <spirit:file>
        <spirit:name>System_axi_timer_0_0_ooc.xdc</spirit:name>
        <spirit:userFileType>xdc</spirit:userFileType>
        <spirit:userFileType>USED_IN_out_of_context</spirit:userFileType>
        <spirit:userFileType>USED_IN_synthesis</spirit:userFileType>
        <spirit:userFileType>USED_IN_implementation</spirit:userFileType>
      </spirit:file>
    </spirit:fileSet>
    <spirit:fileSet>
      <spirit:name>xilinx_vhdlsynthesis_xilinx_com_ip_blk_mem_gen_8_2__ref_view_fileset</spirit:name>
      <spirit:file>
        <spirit:name>../../../../ipshared/xilinx.com/blk_mem_gen_v8_2/ebbf7913/hdl/blk_mem_gen_v8_2_synth_comp.vhd</spirit:name>
        <spirit:fileType>vhdlSource</spirit:fileType>
        <spirit:logicalName>blk_mem_gen_v8_2</spirit:logicalName>
      </spirit:file>
      <spirit:file>
        <spirit:name>../../../../ipshared/xilinx.com/blk_mem_gen_v8_2/ebbf7913/hdl/blk_mem_gen_v8_2_defaults.vhd</spirit:name>
        <spirit:fileType>vhdlSource</spirit:fileType>
        <spirit:logicalName>blk_mem_gen_v8_2</spirit:logicalName>
      </spirit:file>
      <spirit:file>
        <spirit:name>../../../../ipshared/xilinx.com/blk_mem_gen_v8_2/ebbf7913/hdl/blk_mem_gen_v8_2_pkg.vhd</spirit:name>
        <spirit:fileType>vhdlSource</spirit:fileType>
        <spirit:logicalName>blk_mem_gen_v8_2</spirit:logicalName>
      </spirit:file>
      <spirit:file>
        <spirit:name>../../../../ipshared/xilinx.com/blk_mem_gen_v8_2/ebbf7913/hdl/blk_mem_gen_getinit_pkg.vhd</spirit:name>
        <spirit:fileType>vhdlSource</spirit:fileType>
        <spirit:logicalName>blk_mem_gen_v8_2</spirit:logicalName>
      </spirit:file>
      <spirit:file>
        <spirit:name>../../../../ipshared/xilinx.com/blk_mem_gen_v8_2/ebbf7913/hdl/blk_mem_min_area_pkg.vhd</spirit:name>
        <spirit:fileType>vhdlSource</spirit:fileType>
        <spirit:logicalName>blk_mem_gen_v8_2</spirit:logicalName>
      </spirit:file>
      <spirit:file>
        <spirit:name>../../../../ipshared/xilinx.com/blk_mem_gen_v8_2/ebbf7913/hdl/blk_mem_gen_bindec.vhd</spirit:name>
        <spirit:fileType>vhdlSource</spirit:fileType>
        <spirit:logicalName>blk_mem_gen_v8_2</spirit:logicalName>
      </spirit:file>
      <spirit:file>
        <spirit:name>../../../../ipshared/xilinx.com/blk_mem_gen_v8_2/ebbf7913/hdl/blk_mem_gen_mux.vhd</spirit:name>
        <spirit:fileType>vhdlSource</spirit:fileType>
        <spirit:logicalName>blk_mem_gen_v8_2</spirit:logicalName>
      </spirit:file>
      <spirit:file>
        <spirit:name>../../../../ipshared/xilinx.com/blk_mem_gen_v8_2/ebbf7913/hdl/blk_mem_gen_prim_wrapper.vhd</spirit:name>
        <spirit:fileType>vhdlSource</spirit:fileType>
        <spirit:logicalName>blk_mem_gen_v8_2</spirit:logicalName>
      </spirit:file>
      <spirit:file>
        <spirit:name>../../../../ipshared/xilinx.com/blk_mem_gen_v8_2/ebbf7913/hdl/blk_mem_gen_prim_wrapper_init.vhd</spirit:name>
        <spirit:fileType>vhdlSource</spirit:fileType>
        <spirit:logicalName>blk_mem_gen_v8_2</spirit:logicalName>
      </spirit:file>
      <spirit:file>
        <spirit:name>../../../../ipshared/xilinx.com/blk_mem_gen_v8_2/ebbf7913/hdl/blk_mem_gen_prim_width.vhd</spirit:name>
        <spirit:fileType>vhdlSource</spirit:fileType>
        <spirit:logicalName>blk_mem_gen_v8_2</spirit:logicalName>
      </spirit:file>
      <spirit:file>
        <spirit:name>../../../../ipshared/xilinx.com/blk_mem_gen_v8_2/ebbf7913/hdl/blk_mem_gen_generic_cstr.vhd</spirit:name>
        <spirit:fileType>vhdlSource</spirit:fileType>
        <spirit:logicalName>blk_mem_gen_v8_2</spirit:logicalName>
      </spirit:file>
      <spirit:file>
        <spirit:name>../../../../ipshared/xilinx.com/blk_mem_gen_v8_2/ebbf7913/hdl/blk_mem_gen_ecc_encoder.vhd</spirit:name>
        <spirit:fileType>vhdlSource</spirit:fileType>
        <spirit:logicalName>blk_mem_gen_v8_2</spirit:logicalName>
      </spirit:file>
      <spirit:file>
        <spirit:name>../../../../ipshared/xilinx.com/blk_mem_gen_v8_2/ebbf7913/hdl/blk_mem_gen_ecc_decoder.vhd</spirit:name>
        <spirit:fileType>vhdlSource</spirit:fileType>
        <spirit:logicalName>blk_mem_gen_v8_2</spirit:logicalName>
      </spirit:file>
      <spirit:file>
        <spirit:name>../../../../ipshared/xilinx.com/blk_mem_gen_v8_2/ebbf7913/hdl/blk_mem_input_block.vhd</spirit:name>
        <spirit:fileType>vhdlSource</spirit:fileType>
        <spirit:logicalName>blk_mem_gen_v8_2</spirit:logicalName>
      </spirit:file>
      <spirit:file>
        <spirit:name>../../../../ipshared/xilinx.com/blk_mem_gen_v8_2/ebbf7913/hdl/blk_mem_output_block.vhd</spirit:name>
        <spirit:fileType>vhdlSource</spirit:fileType>
        <spirit:logicalName>blk_mem_gen_v8_2</spirit:logicalName>
      </spirit:file>
      <spirit:file>
        <spirit:name>../../../../ipshared/xilinx.com/blk_mem_gen_v8_2/ebbf7913/hdl/blk_mem_axi_read_fsm.vhd</spirit:name>
        <spirit:fileType>vhdlSource</spirit:fileType>
        <spirit:logicalName>blk_mem_gen_v8_2</spirit:logicalName>
      </spirit:file>
      <spirit:file>
        <spirit:name>../../../../ipshared/xilinx.com/blk_mem_gen_v8_2/ebbf7913/hdl/blk_mem_axi_read_wrapper.vhd</spirit:name>
        <spirit:fileType>vhdlSource</spirit:fileType>
        <spirit:logicalName>blk_mem_gen_v8_2</spirit:logicalName>
      </spirit:file>
      <spirit:file>
        <spirit:name>../../../../ipshared/xilinx.com/blk_mem_gen_v8_2/ebbf7913/hdl/blk_mem_axi_write_fsm.vhd</spirit:name>
        <spirit:fileType>vhdlSource</spirit:fileType>
        <spirit:logicalName>blk_mem_gen_v8_2</spirit:logicalName>
      </spirit:file>
      <spirit:file>
        <spirit:name>../../../../ipshared/xilinx.com/blk_mem_gen_v8_2/ebbf7913/hdl/blk_mem_axi_write_wrapper.vhd</spirit:name>
        <spirit:fileType>vhdlSource</spirit:fileType>
        <spirit:logicalName>blk_mem_gen_v8_2</spirit:logicalName>
      </spirit:file>
      <spirit:file>
        <spirit:name>../../../../ipshared/xilinx.com/blk_mem_gen_v8_2/ebbf7913/hdl/blk_mem_axi_regs_fwd.vhd</spirit:name>
        <spirit:fileType>vhdlSource</spirit:fileType>
        <spirit:logicalName>blk_mem_gen_v8_2</spirit:logicalName>
      </spirit:file>
      <spirit:file>
        <spirit:name>../../../../ipshared/xilinx.com/blk_mem_gen_v8_2/ebbf7913/hdl/blk_mem_gen_top.vhd</spirit:name>
        <spirit:fileType>vhdlSource</spirit:fileType>
        <spirit:logicalName>blk_mem_gen_v8_2</spirit:logicalName>
      </spirit:file>
      <spirit:file>
        <spirit:name>../../../../ipshared/xilinx.com/blk_mem_gen_v8_2/ebbf7913/hdl/blk_mem_gen_v8_2_synth.vhd</spirit:name>
        <spirit:fileType>vhdlSource</spirit:fileType>
        <spirit:logicalName>blk_mem_gen_v8_2</spirit:logicalName>
      </spirit:file>
      <spirit:file>
        <spirit:name>../../../../ipshared/xilinx.com/blk_mem_gen_v8_2/ebbf7913/hdl/blk_mem_gen_v8_2.vhd</spirit:name>
        <spirit:fileType>vhdlSource</spirit:fileType>
        <spirit:logicalName>blk_mem_gen_v8_2</spirit:logicalName>
      </spirit:file>
      <spirit:vendorExtensions>
        <xilinx:subCoreRef>
          <xilinx:componentRef xilinx:vendor="xilinx.com" xilinx:library="ip" xilinx:name="blk_mem_gen" xilinx:version="8.2" xilinx:isGenerated="true" xilinx:checksum="3b19c4c4">
            <xilinx:mode xilinx:name="copy_mode"/>
          </xilinx:componentRef>
        </xilinx:subCoreRef>
      </spirit:vendorExtensions>
    </spirit:fileSet>
    <spirit:fileSet>
      <spirit:name>xilinx_vhdlsynthesis_xilinx_com_ip_fifo_generator_12_0__ref_view_fileset</spirit:name>
      <spirit:file>
        <spirit:name>../../../../ipshared/xilinx.com/fifo_generator_v12_0/8b540c64/hdl/fifo_generator_v12_0_pkg.vhd</spirit:name>
        <spirit:fileType>vhdlSource</spirit:fileType>
        <spirit:logicalName>fifo_generator_v12_0</spirit:logicalName>
      </spirit:file>
      <spirit:file>
        <spirit:name>../../../../ipshared/xilinx.com/fifo_generator_v12_0/8b540c64/hdl/fifo_generator_v12_0_defaults.vhd</spirit:name>
        <spirit:fileType>vhdlSource</spirit:fileType>
        <spirit:logicalName>fifo_generator_v12_0</spirit:logicalName>
      </spirit:file>
      <spirit:file>
        <spirit:name>../../../../ipshared/xilinx.com/fifo_generator_v12_0/8b540c64/hdl/ramfifo/bram_sync_reg.vhd</spirit:name>
        <spirit:fileType>vhdlSource</spirit:fileType>
        <spirit:logicalName>fifo_generator_v12_0</spirit:logicalName>
      </spirit:file>
      <spirit:file>
        <spirit:name>../../../../ipshared/xilinx.com/fifo_generator_v12_0/8b540c64/hdl/ramfifo/bram_fifo_rstlogic.vhd</spirit:name>
        <spirit:fileType>vhdlSource</spirit:fileType>
        <spirit:logicalName>fifo_generator_v12_0</spirit:logicalName>
      </spirit:file>
      <spirit:file>
        <spirit:name>../../../../ipshared/xilinx.com/fifo_generator_v12_0/8b540c64/hdl/common/input_blk.vhd</spirit:name>
        <spirit:fileType>vhdlSource</spirit:fileType>
        <spirit:logicalName>fifo_generator_v12_0</spirit:logicalName>
      </spirit:file>
      <spirit:file>
        <spirit:name>../../../../ipshared/xilinx.com/fifo_generator_v12_0/8b540c64/hdl/common/output_blk.vhd</spirit:name>
        <spirit:fileType>vhdlSource</spirit:fileType>
        <spirit:logicalName>fifo_generator_v12_0</spirit:logicalName>
      </spirit:file>
      <spirit:file>
        <spirit:name>../../../../ipshared/xilinx.com/fifo_generator_v12_0/8b540c64/hdl/common/synchronizer_ff.vhd</spirit:name>
        <spirit:fileType>vhdlSource</spirit:fileType>
        <spirit:logicalName>fifo_generator_v12_0</spirit:logicalName>
      </spirit:file>
      <spirit:file>
        <spirit:name>../../../../ipshared/xilinx.com/fifo_generator_v12_0/8b540c64/hdl/common/shft_wrapper.vhd</spirit:name>
        <spirit:fileType>vhdlSource</spirit:fileType>
        <spirit:logicalName>fifo_generator_v12_0</spirit:logicalName>
      </spirit:file>
      <spirit:file>
        <spirit:name>../../../../ipshared/xilinx.com/fifo_generator_v12_0/8b540c64/hdl/common/shft_ram.vhd</spirit:name>
        <spirit:fileType>vhdlSource</spirit:fileType>
        <spirit:logicalName>fifo_generator_v12_0</spirit:logicalName>
      </spirit:file>
      <spirit:file>
        <spirit:name>../../../../ipshared/xilinx.com/fifo_generator_v12_0/8b540c64/hdl/ramfifo/dmem.vhd</spirit:name>
        <spirit:fileType>vhdlSource</spirit:fileType>
        <spirit:logicalName>fifo_generator_v12_0</spirit:logicalName>
      </spirit:file>
      <spirit:file>
        <spirit:name>../../../../ipshared/xilinx.com/fifo_generator_v12_0/8b540c64/hdl/ramfifo/memory.vhd</spirit:name>
        <spirit:fileType>vhdlSource</spirit:fileType>
        <spirit:logicalName>fifo_generator_v12_0</spirit:logicalName>
      </spirit:file>
      <spirit:file>
        <spirit:name>../../../../ipshared/xilinx.com/fifo_generator_v12_0/8b540c64/hdl/ramfifo/compare.vhd</spirit:name>
        <spirit:fileType>vhdlSource</spirit:fileType>
        <spirit:logicalName>fifo_generator_v12_0</spirit:logicalName>
      </spirit:file>
      <spirit:file>
        <spirit:name>../../../../ipshared/xilinx.com/fifo_generator_v12_0/8b540c64/hdl/ramfifo/wr_bin_cntr.vhd</spirit:name>
        <spirit:fileType>vhdlSource</spirit:fileType>
        <spirit:logicalName>fifo_generator_v12_0</spirit:logicalName>
      </spirit:file>
      <spirit:file>
        <spirit:name>../../../../ipshared/xilinx.com/fifo_generator_v12_0/8b540c64/hdl/ramfifo/rd_bin_cntr.vhd</spirit:name>
        <spirit:fileType>vhdlSource</spirit:fileType>
        <spirit:logicalName>fifo_generator_v12_0</spirit:logicalName>
      </spirit:file>
      <spirit:file>
        <spirit:name>../../../../ipshared/xilinx.com/fifo_generator_v12_0/8b540c64/hdl/ramfifo/updn_cntr.vhd</spirit:name>
        <spirit:fileType>vhdlSource</spirit:fileType>
        <spirit:logicalName>fifo_generator_v12_0</spirit:logicalName>
      </spirit:file>
      <spirit:file>
        <spirit:name>../../../../ipshared/xilinx.com/fifo_generator_v12_0/8b540c64/hdl/ramfifo/rd_status_flags_as.vhd</spirit:name>
        <spirit:fileType>vhdlSource</spirit:fileType>
        <spirit:logicalName>fifo_generator_v12_0</spirit:logicalName>
      </spirit:file>
      <spirit:file>
        <spirit:name>../../../../ipshared/xilinx.com/fifo_generator_v12_0/8b540c64/hdl/ramfifo/rd_status_flags_ss.vhd</spirit:name>
        <spirit:fileType>vhdlSource</spirit:fileType>
        <spirit:logicalName>fifo_generator_v12_0</spirit:logicalName>
      </spirit:file>
      <spirit:file>
        <spirit:name>../../../../ipshared/xilinx.com/fifo_generator_v12_0/8b540c64/hdl/common/rd_pe_as.vhd</spirit:name>
        <spirit:fileType>vhdlSource</spirit:fileType>
        <spirit:logicalName>fifo_generator_v12_0</spirit:logicalName>
      </spirit:file>
      <spirit:file>
        <spirit:name>../../../../ipshared/xilinx.com/fifo_generator_v12_0/8b540c64/hdl/common/rd_pe_ss.vhd</spirit:name>
        <spirit:fileType>vhdlSource</spirit:fileType>
        <spirit:logicalName>fifo_generator_v12_0</spirit:logicalName>
      </spirit:file>
      <spirit:file>
        <spirit:name>../../../../ipshared/xilinx.com/fifo_generator_v12_0/8b540c64/hdl/ramfifo/rd_handshaking_flags.vhd</spirit:name>
        <spirit:fileType>vhdlSource</spirit:fileType>
        <spirit:logicalName>fifo_generator_v12_0</spirit:logicalName>
      </spirit:file>
      <spirit:file>
        <spirit:name>../../../../ipshared/xilinx.com/fifo_generator_v12_0/8b540c64/hdl/ramfifo/rd_dc_as.vhd</spirit:name>
        <spirit:fileType>vhdlSource</spirit:fileType>
        <spirit:logicalName>fifo_generator_v12_0</spirit:logicalName>
      </spirit:file>
      <spirit:file>
        <spirit:name>../../../../ipshared/xilinx.com/fifo_generator_v12_0/8b540c64/hdl/ramfifo/rd_dc_fwft_ext_as.vhd</spirit:name>
        <spirit:fileType>vhdlSource</spirit:fileType>
        <spirit:logicalName>fifo_generator_v12_0</spirit:logicalName>
      </spirit:file>
      <spirit:file>
        <spirit:name>../../../../ipshared/xilinx.com/fifo_generator_v12_0/8b540c64/hdl/ramfifo/dc_ss_fwft.vhd</spirit:name>
        <spirit:fileType>vhdlSource</spirit:fileType>
        <spirit:logicalName>fifo_generator_v12_0</spirit:logicalName>
      </spirit:file>
      <spirit:file>
        <spirit:name>../../../../ipshared/xilinx.com/fifo_generator_v12_0/8b540c64/hdl/ramfifo/rd_fwft.vhd</spirit:name>
        <spirit:fileType>vhdlSource</spirit:fileType>
        <spirit:logicalName>fifo_generator_v12_0</spirit:logicalName>
      </spirit:file>
      <spirit:file>
        <spirit:name>../../../../ipshared/xilinx.com/fifo_generator_v12_0/8b540c64/hdl/ramfifo/rd_logic_pkt_fifo.vhd</spirit:name>
        <spirit:fileType>vhdlSource</spirit:fileType>
        <spirit:logicalName>fifo_generator_v12_0</spirit:logicalName>
      </spirit:file>
      <spirit:file>
        <spirit:name>../../../../ipshared/xilinx.com/fifo_generator_v12_0/8b540c64/hdl/ramfifo/reset_blk_ramfifo.vhd</spirit:name>
        <spirit:fileType>vhdlSource</spirit:fileType>
        <spirit:logicalName>fifo_generator_v12_0</spirit:logicalName>
      </spirit:file>
      <spirit:file>
        <spirit:name>../../../../ipshared/xilinx.com/fifo_generator_v12_0/8b540c64/hdl/ramfifo/clk_x_pntrs.vhd</spirit:name>
        <spirit:fileType>vhdlSource</spirit:fileType>
        <spirit:logicalName>fifo_generator_v12_0</spirit:logicalName>
      </spirit:file>
      <spirit:file>
        <spirit:name>../../../../ipshared/xilinx.com/fifo_generator_v12_0/8b540c64/hdl/ramfifo/wr_status_flags_as.vhd</spirit:name>
        <spirit:fileType>vhdlSource</spirit:fileType>
        <spirit:logicalName>fifo_generator_v12_0</spirit:logicalName>
      </spirit:file>
      <spirit:file>
        <spirit:name>../../../../ipshared/xilinx.com/fifo_generator_v12_0/8b540c64/hdl/ramfifo/wr_status_flags_ss.vhd</spirit:name>
        <spirit:fileType>vhdlSource</spirit:fileType>
        <spirit:logicalName>fifo_generator_v12_0</spirit:logicalName>
      </spirit:file>
      <spirit:file>
        <spirit:name>../../../../ipshared/xilinx.com/fifo_generator_v12_0/8b540c64/hdl/common/wr_pf_as.vhd</spirit:name>
        <spirit:fileType>vhdlSource</spirit:fileType>
        <spirit:logicalName>fifo_generator_v12_0</spirit:logicalName>
      </spirit:file>
      <spirit:file>
        <spirit:name>../../../../ipshared/xilinx.com/fifo_generator_v12_0/8b540c64/hdl/common/wr_pf_ss.vhd</spirit:name>
        <spirit:fileType>vhdlSource</spirit:fileType>
        <spirit:logicalName>fifo_generator_v12_0</spirit:logicalName>
      </spirit:file>
      <spirit:file>
        <spirit:name>../../../../ipshared/xilinx.com/fifo_generator_v12_0/8b540c64/hdl/ramfifo/wr_handshaking_flags.vhd</spirit:name>
        <spirit:fileType>vhdlSource</spirit:fileType>
        <spirit:logicalName>fifo_generator_v12_0</spirit:logicalName>
      </spirit:file>
      <spirit:file>
        <spirit:name>../../../../ipshared/xilinx.com/fifo_generator_v12_0/8b540c64/hdl/ramfifo/wr_dc_as.vhd</spirit:name>
        <spirit:fileType>vhdlSource</spirit:fileType>
        <spirit:logicalName>fifo_generator_v12_0</spirit:logicalName>
      </spirit:file>
      <spirit:file>
        <spirit:name>../../../../ipshared/xilinx.com/fifo_generator_v12_0/8b540c64/hdl/ramfifo/wr_dc_fwft_ext_as.vhd</spirit:name>
        <spirit:fileType>vhdlSource</spirit:fileType>
        <spirit:logicalName>fifo_generator_v12_0</spirit:logicalName>
      </spirit:file>
      <spirit:file>
        <spirit:name>../../../../ipshared/xilinx.com/fifo_generator_v12_0/8b540c64/hdl/ramfifo/dc_ss.vhd</spirit:name>
        <spirit:fileType>vhdlSource</spirit:fileType>
        <spirit:logicalName>fifo_generator_v12_0</spirit:logicalName>
      </spirit:file>
      <spirit:file>
        <spirit:name>../../../../ipshared/xilinx.com/fifo_generator_v12_0/8b540c64/hdl/ramfifo/wr_logic.vhd</spirit:name>
        <spirit:fileType>vhdlSource</spirit:fileType>
        <spirit:logicalName>fifo_generator_v12_0</spirit:logicalName>
      </spirit:file>
      <spirit:file>
        <spirit:name>../../../../ipshared/xilinx.com/fifo_generator_v12_0/8b540c64/hdl/ramfifo/wr_logic_pkt_fifo.vhd</spirit:name>
        <spirit:fileType>vhdlSource</spirit:fileType>
        <spirit:logicalName>fifo_generator_v12_0</spirit:logicalName>
      </spirit:file>
      <spirit:file>
        <spirit:name>../../../../ipshared/xilinx.com/fifo_generator_v12_0/8b540c64/hdl/ramfifo/wr_status_flags_sshft.vhd</spirit:name>
        <spirit:fileType>vhdlSource</spirit:fileType>
        <spirit:logicalName>fifo_generator_v12_0</spirit:logicalName>
      </spirit:file>
      <spirit:file>
        <spirit:name>../../../../ipshared/xilinx.com/fifo_generator_v12_0/8b540c64/hdl/ramfifo/rd_status_flags_sshft.vhd</spirit:name>
        <spirit:fileType>vhdlSource</spirit:fileType>
        <spirit:logicalName>fifo_generator_v12_0</spirit:logicalName>
      </spirit:file>
      <spirit:file>
        <spirit:name>../../../../ipshared/xilinx.com/fifo_generator_v12_0/8b540c64/hdl/ramfifo/wr_pf_sshft.vhd</spirit:name>
        <spirit:fileType>vhdlSource</spirit:fileType>
        <spirit:logicalName>fifo_generator_v12_0</spirit:logicalName>
      </spirit:file>
      <spirit:file>
        <spirit:name>../../../../ipshared/xilinx.com/fifo_generator_v12_0/8b540c64/hdl/ramfifo/rd_pe_sshft.vhd</spirit:name>
        <spirit:fileType>vhdlSource</spirit:fileType>
        <spirit:logicalName>fifo_generator_v12_0</spirit:logicalName>
      </spirit:file>
      <spirit:file>
        <spirit:name>../../../../ipshared/xilinx.com/fifo_generator_v12_0/8b540c64/hdl/ramfifo/logic_sshft.vhd</spirit:name>
        <spirit:fileType>vhdlSource</spirit:fileType>
        <spirit:logicalName>fifo_generator_v12_0</spirit:logicalName>
      </spirit:file>
      <spirit:file>
        <spirit:name>../../../../ipshared/xilinx.com/fifo_generator_v12_0/8b540c64/hdl/ramfifo/async_fifo.vhd</spirit:name>
        <spirit:fileType>vhdlSource</spirit:fileType>
        <spirit:logicalName>fifo_generator_v12_0</spirit:logicalName>
      </spirit:file>
      <spirit:file>
        <spirit:name>../../../../ipshared/xilinx.com/fifo_generator_v12_0/8b540c64/hdl/ramfifo/rd_logic.vhd</spirit:name>
        <spirit:fileType>vhdlSource</spirit:fileType>
        <spirit:logicalName>fifo_generator_v12_0</spirit:logicalName>
      </spirit:file>
      <spirit:file>
        <spirit:name>../../../../ipshared/xilinx.com/fifo_generator_v12_0/8b540c64/hdl/ramfifo/fifo_generator_ramfifo.vhd</spirit:name>
        <spirit:fileType>vhdlSource</spirit:fileType>
        <spirit:logicalName>fifo_generator_v12_0</spirit:logicalName>
      </spirit:file>
      <spirit:file>
        <spirit:name>../../../../ipshared/xilinx.com/fifo_generator_v12_0/8b540c64/hdl/builtin/fifo_generator_v12_0_comps_builtin.vhd</spirit:name>
        <spirit:fileType>vhdlSource</spirit:fileType>
        <spirit:logicalName>fifo_generator_v12_0</spirit:logicalName>
      </spirit:file>
      <spirit:file>
        <spirit:name>../../../../ipshared/xilinx.com/fifo_generator_v12_0/8b540c64/hdl/builtin/delay.vhd</spirit:name>
        <spirit:fileType>vhdlSource</spirit:fileType>
        <spirit:logicalName>fifo_generator_v12_0</spirit:logicalName>
      </spirit:file>
      <spirit:file>
        <spirit:name>../../../../ipshared/xilinx.com/fifo_generator_v12_0/8b540c64/hdl/builtin/clk_x_pntrs_builtin.vhd</spirit:name>
        <spirit:fileType>vhdlSource</spirit:fileType>
        <spirit:logicalName>fifo_generator_v12_0</spirit:logicalName>
      </spirit:file>
      <spirit:file>
        <spirit:name>../../../../ipshared/xilinx.com/fifo_generator_v12_0/8b540c64/hdl/builtin/bin_cntr.vhd</spirit:name>
        <spirit:fileType>vhdlSource</spirit:fileType>
        <spirit:logicalName>fifo_generator_v12_0</spirit:logicalName>
      </spirit:file>
      <spirit:file>
        <spirit:name>../../../../ipshared/xilinx.com/fifo_generator_v12_0/8b540c64/hdl/builtin/logic_builtin.vhd</spirit:name>
        <spirit:fileType>vhdlSource</spirit:fileType>
        <spirit:logicalName>fifo_generator_v12_0</spirit:logicalName>
      </spirit:file>
      <spirit:file>
        <spirit:name>../../../../ipshared/xilinx.com/fifo_generator_v12_0/8b540c64/hdl/builtin/reset_builtin.vhd</spirit:name>
        <spirit:fileType>vhdlSource</spirit:fileType>
        <spirit:logicalName>fifo_generator_v12_0</spirit:logicalName>
      </spirit:file>
      <spirit:file>
        <spirit:name>../../../../ipshared/xilinx.com/fifo_generator_v12_0/8b540c64/hdl/builtin/builtin_prim.vhd</spirit:name>
        <spirit:fileType>vhdlSource</spirit:fileType>
        <spirit:logicalName>fifo_generator_v12_0</spirit:logicalName>
      </spirit:file>
      <spirit:file>
        <spirit:name>../../../../ipshared/xilinx.com/fifo_generator_v12_0/8b540c64/hdl/builtin/builtin_extdepth.vhd</spirit:name>
        <spirit:fileType>vhdlSource</spirit:fileType>
        <spirit:logicalName>fifo_generator_v12_0</spirit:logicalName>
      </spirit:file>
      <spirit:file>
        <spirit:name>../../../../ipshared/xilinx.com/fifo_generator_v12_0/8b540c64/hdl/builtin/builtin_top.vhd</spirit:name>
        <spirit:fileType>vhdlSource</spirit:fileType>
        <spirit:logicalName>fifo_generator_v12_0</spirit:logicalName>
      </spirit:file>
      <spirit:file>
        <spirit:name>../../../../ipshared/xilinx.com/fifo_generator_v12_0/8b540c64/hdl/builtin/builtin_prim_v6.vhd</spirit:name>
        <spirit:fileType>vhdlSource</spirit:fileType>
        <spirit:logicalName>fifo_generator_v12_0</spirit:logicalName>
      </spirit:file>
      <spirit:file>
        <spirit:name>../../../../ipshared/xilinx.com/fifo_generator_v12_0/8b540c64/hdl/builtin/builtin_extdepth_v6.vhd</spirit:name>
        <spirit:fileType>vhdlSource</spirit:fileType>
        <spirit:logicalName>fifo_generator_v12_0</spirit:logicalName>
      </spirit:file>
      <spirit:file>
        <spirit:name>../../../../ipshared/xilinx.com/fifo_generator_v12_0/8b540c64/hdl/builtin/builtin_extdepth_low_latency.vhd</spirit:name>
        <spirit:fileType>vhdlSource</spirit:fileType>
        <spirit:logicalName>fifo_generator_v12_0</spirit:logicalName>
      </spirit:file>
      <spirit:file>
        <spirit:name>../../../../ipshared/xilinx.com/fifo_generator_v12_0/8b540c64/hdl/builtin/builtin_top_v6.vhd</spirit:name>
        <spirit:fileType>vhdlSource</spirit:fileType>
        <spirit:logicalName>fifo_generator_v12_0</spirit:logicalName>
      </spirit:file>
      <spirit:file>
        <spirit:name>../../../../ipshared/xilinx.com/fifo_generator_v12_0/8b540c64/hdl/builtin/fifo_generator_v12_0_builtin.vhd</spirit:name>
        <spirit:fileType>vhdlSource</spirit:fileType>
        <spirit:logicalName>fifo_generator_v12_0</spirit:logicalName>
      </spirit:file>
      <spirit:file>
        <spirit:name>../../../../ipshared/xilinx.com/fifo_generator_v12_0/8b540c64/hdl/fifo_generator_top.vhd</spirit:name>
        <spirit:fileType>vhdlSource</spirit:fileType>
        <spirit:logicalName>fifo_generator_v12_0</spirit:logicalName>
      </spirit:file>
      <spirit:file>
        <spirit:name>../../../../ipshared/xilinx.com/fifo_generator_v12_0/8b540c64/hdl/ramfifo/axi_reg_slice.vhd</spirit:name>
        <spirit:fileType>vhdlSource</spirit:fileType>
        <spirit:logicalName>fifo_generator_v12_0</spirit:logicalName>
      </spirit:file>
      <spirit:file>
        <spirit:name>../../../../ipshared/xilinx.com/fifo_generator_v12_0/8b540c64/hdl/fifo_generator_v12_0_synth.vhd</spirit:name>
        <spirit:fileType>vhdlSource</spirit:fileType>
        <spirit:logicalName>fifo_generator_v12_0</spirit:logicalName>
      </spirit:file>
      <spirit:file>
        <spirit:name>../../../../ipshared/xilinx.com/fifo_generator_v12_0/8b540c64/hdl/fifo_generator_v12_0.vhd</spirit:name>
        <spirit:fileType>vhdlSource</spirit:fileType>
        <spirit:logicalName>fifo_generator_v12_0</spirit:logicalName>
      </spirit:file>
      <spirit:vendorExtensions>
        <xilinx:subCoreRef>
          <xilinx:componentRef xilinx:vendor="xilinx.com" xilinx:library="ip" xilinx:name="fifo_generator" xilinx:version="12.0" xilinx:isGenerated="true" xilinx:checksum="5804ec94">
            <xilinx:mode xilinx:name="copy_mode"/>
          </xilinx:componentRef>
        </xilinx:subCoreRef>
      </spirit:vendorExtensions>
    </spirit:fileSet>
    <spirit:fileSet>
      <spirit:name>xilinx_vhdlsynthesis_xilinx_com_ip_proc_common_4_0__ref_view_fileset</spirit:name>
      <spirit:file>
        <spirit:name>../../../../ipshared/xilinx.com/proc_common_v4_0/e2794af0/hdl/src/vhdl/family.vhd</spirit:name>
        <spirit:fileType>vhdlSource</spirit:fileType>
        <spirit:logicalName>proc_common_v4_0</spirit:logicalName>
      </spirit:file>
      <spirit:file>
        <spirit:name>../../../../ipshared/xilinx.com/proc_common_v4_0/e2794af0/hdl/src/vhdl/family_support.vhd</spirit:name>
        <spirit:fileType>vhdlSource</spirit:fileType>
        <spirit:logicalName>proc_common_v4_0</spirit:logicalName>
      </spirit:file>
      <spirit:file>
        <spirit:name>../../../../ipshared/xilinx.com/proc_common_v4_0/e2794af0/hdl/src/vhdl/coregen_comp_defs.vhd</spirit:name>
        <spirit:fileType>vhdlSource</spirit:fileType>
        <spirit:logicalName>proc_common_v4_0</spirit:logicalName>
      </spirit:file>
      <spirit:file>
        <spirit:name>../../../../ipshared/xilinx.com/proc_common_v4_0/e2794af0/hdl/src/vhdl/common_types_pkg.vhd</spirit:name>
        <spirit:fileType>vhdlSource</spirit:fileType>
        <spirit:logicalName>proc_common_v4_0</spirit:logicalName>
      </spirit:file>
      <spirit:file>
        <spirit:name>../../../../ipshared/xilinx.com/proc_common_v4_0/e2794af0/hdl/src/vhdl/proc_common_pkg.vhd</spirit:name>
        <spirit:fileType>vhdlSource</spirit:fileType>
        <spirit:logicalName>proc_common_v4_0</spirit:logicalName>
      </spirit:file>
      <spirit:file>
        <spirit:name>../../../../ipshared/xilinx.com/proc_common_v4_0/e2794af0/hdl/src/vhdl/conv_funs_pkg.vhd</spirit:name>
        <spirit:fileType>vhdlSource</spirit:fileType>
        <spirit:logicalName>proc_common_v4_0</spirit:logicalName>
      </spirit:file>
      <spirit:file>
        <spirit:name>../../../../ipshared/xilinx.com/proc_common_v4_0/e2794af0/hdl/src/vhdl/ipif_pkg.vhd</spirit:name>
        <spirit:fileType>vhdlSource</spirit:fileType>
        <spirit:logicalName>proc_common_v4_0</spirit:logicalName>
      </spirit:file>
      <spirit:file>
        <spirit:name>../../../../ipshared/xilinx.com/proc_common_v4_0/e2794af0/hdl/src/vhdl/async_fifo_fg.vhd</spirit:name>
        <spirit:fileType>vhdlSource</spirit:fileType>
        <spirit:logicalName>proc_common_v4_0</spirit:logicalName>
      </spirit:file>
      <spirit:file>
        <spirit:name>../../../../ipshared/xilinx.com/proc_common_v4_0/e2794af0/hdl/src/vhdl/sync_fifo_fg.vhd</spirit:name>
        <spirit:fileType>vhdlSource</spirit:fileType>
        <spirit:logicalName>proc_common_v4_0</spirit:logicalName>
      </spirit:file>
      <spirit:file>
        <spirit:name>../../../../ipshared/xilinx.com/proc_common_v4_0/e2794af0/hdl/src/vhdl/basic_sfifo_fg.vhd</spirit:name>
        <spirit:fileType>vhdlSource</spirit:fileType>
        <spirit:logicalName>proc_common_v4_0</spirit:logicalName>
      </spirit:file>
      <spirit:file>
        <spirit:name>../../../../ipshared/xilinx.com/proc_common_v4_0/e2794af0/hdl/src/vhdl/blk_mem_gen_wrapper.vhd</spirit:name>
        <spirit:fileType>vhdlSource</spirit:fileType>
        <spirit:logicalName>proc_common_v4_0</spirit:logicalName>
      </spirit:file>
      <spirit:file>
        <spirit:name>../../../../ipshared/xilinx.com/proc_common_v4_0/e2794af0/hdl/src/vhdl/addsub.vhd</spirit:name>
        <spirit:fileType>vhdlSource</spirit:fileType>
        <spirit:logicalName>proc_common_v4_0</spirit:logicalName>
      </spirit:file>
      <spirit:file>
        <spirit:name>../../../../ipshared/xilinx.com/proc_common_v4_0/e2794af0/hdl/src/vhdl/counter_bit.vhd</spirit:name>
        <spirit:fileType>vhdlSource</spirit:fileType>
        <spirit:logicalName>proc_common_v4_0</spirit:logicalName>
      </spirit:file>
      <spirit:file>
        <spirit:name>../../../../ipshared/xilinx.com/proc_common_v4_0/e2794af0/hdl/src/vhdl/counter.vhd</spirit:name>
        <spirit:fileType>vhdlSource</spirit:fileType>
        <spirit:logicalName>proc_common_v4_0</spirit:logicalName>
      </spirit:file>
      <spirit:file>
        <spirit:name>../../../../ipshared/xilinx.com/proc_common_v4_0/e2794af0/hdl/src/vhdl/direct_path_cntr.vhd</spirit:name>
        <spirit:fileType>vhdlSource</spirit:fileType>
        <spirit:logicalName>proc_common_v4_0</spirit:logicalName>
      </spirit:file>
      <spirit:file>
        <spirit:name>../../../../ipshared/xilinx.com/proc_common_v4_0/e2794af0/hdl/src/vhdl/direct_path_cntr_ai.vhd</spirit:name>
        <spirit:fileType>vhdlSource</spirit:fileType>
        <spirit:logicalName>proc_common_v4_0</spirit:logicalName>
      </spirit:file>
      <spirit:file>
        <spirit:name>../../../../ipshared/xilinx.com/proc_common_v4_0/e2794af0/hdl/src/vhdl/down_counter.vhd</spirit:name>
        <spirit:fileType>vhdlSource</spirit:fileType>
        <spirit:logicalName>proc_common_v4_0</spirit:logicalName>
      </spirit:file>
      <spirit:file>
        <spirit:name>../../../../ipshared/xilinx.com/proc_common_v4_0/e2794af0/hdl/src/vhdl/eval_timer.vhd</spirit:name>
        <spirit:fileType>vhdlSource</spirit:fileType>
        <spirit:logicalName>proc_common_v4_0</spirit:logicalName>
      </spirit:file>
      <spirit:file>
        <spirit:name>../../../../ipshared/xilinx.com/proc_common_v4_0/e2794af0/hdl/src/vhdl/inferred_lut4.vhd</spirit:name>
        <spirit:fileType>vhdlSource</spirit:fileType>
        <spirit:logicalName>proc_common_v4_0</spirit:logicalName>
      </spirit:file>
      <spirit:file>
        <spirit:name>../../../../ipshared/xilinx.com/proc_common_v4_0/e2794af0/hdl/src/vhdl/ipif_steer.vhd</spirit:name>
        <spirit:fileType>vhdlSource</spirit:fileType>
        <spirit:logicalName>proc_common_v4_0</spirit:logicalName>
      </spirit:file>
      <spirit:file>
        <spirit:name>../../../../ipshared/xilinx.com/proc_common_v4_0/e2794af0/hdl/src/vhdl/ipif_steer128.vhd</spirit:name>
        <spirit:fileType>vhdlSource</spirit:fileType>
        <spirit:logicalName>proc_common_v4_0</spirit:logicalName>
      </spirit:file>
      <spirit:file>
        <spirit:name>../../../../ipshared/xilinx.com/proc_common_v4_0/e2794af0/hdl/src/vhdl/ipif_mirror128.vhd</spirit:name>
        <spirit:fileType>vhdlSource</spirit:fileType>
        <spirit:logicalName>proc_common_v4_0</spirit:logicalName>
      </spirit:file>
      <spirit:file>
        <spirit:name>../../../../ipshared/xilinx.com/proc_common_v4_0/e2794af0/hdl/src/vhdl/ld_arith_reg.vhd</spirit:name>
        <spirit:fileType>vhdlSource</spirit:fileType>
        <spirit:logicalName>proc_common_v4_0</spirit:logicalName>
      </spirit:file>
      <spirit:file>
        <spirit:name>../../../../ipshared/xilinx.com/proc_common_v4_0/e2794af0/hdl/src/vhdl/ld_arith_reg2.vhd</spirit:name>
        <spirit:fileType>vhdlSource</spirit:fileType>
        <spirit:logicalName>proc_common_v4_0</spirit:logicalName>
      </spirit:file>
      <spirit:file>
        <spirit:name>../../../../ipshared/xilinx.com/proc_common_v4_0/e2794af0/hdl/src/vhdl/mux_onehot.vhd</spirit:name>
        <spirit:fileType>vhdlSource</spirit:fileType>
        <spirit:logicalName>proc_common_v4_0</spirit:logicalName>
      </spirit:file>
      <spirit:file>
        <spirit:name>../../../../ipshared/xilinx.com/proc_common_v4_0/e2794af0/hdl/src/vhdl/or_bits.vhd</spirit:name>
        <spirit:fileType>vhdlSource</spirit:fileType>
        <spirit:logicalName>proc_common_v4_0</spirit:logicalName>
      </spirit:file>
      <spirit:file>
        <spirit:name>../../../../ipshared/xilinx.com/proc_common_v4_0/e2794af0/hdl/src/vhdl/or_muxcy.vhd</spirit:name>
        <spirit:fileType>vhdlSource</spirit:fileType>
        <spirit:logicalName>proc_common_v4_0</spirit:logicalName>
      </spirit:file>
      <spirit:file>
        <spirit:name>../../../../ipshared/xilinx.com/proc_common_v4_0/e2794af0/hdl/src/vhdl/or_gate.vhd</spirit:name>
        <spirit:fileType>vhdlSource</spirit:fileType>
        <spirit:logicalName>proc_common_v4_0</spirit:logicalName>
      </spirit:file>
      <spirit:file>
        <spirit:name>../../../../ipshared/xilinx.com/proc_common_v4_0/e2794af0/hdl/src/vhdl/or_gate128.vhd</spirit:name>
        <spirit:fileType>vhdlSource</spirit:fileType>
        <spirit:logicalName>proc_common_v4_0</spirit:logicalName>
      </spirit:file>
      <spirit:file>
        <spirit:name>../../../../ipshared/xilinx.com/proc_common_v4_0/e2794af0/hdl/src/vhdl/pf_adder_bit.vhd</spirit:name>
        <spirit:fileType>vhdlSource</spirit:fileType>
        <spirit:logicalName>proc_common_v4_0</spirit:logicalName>
      </spirit:file>
      <spirit:file>
        <spirit:name>../../../../ipshared/xilinx.com/proc_common_v4_0/e2794af0/hdl/src/vhdl/pf_adder.vhd</spirit:name>
        <spirit:fileType>vhdlSource</spirit:fileType>
        <spirit:logicalName>proc_common_v4_0</spirit:logicalName>
      </spirit:file>
      <spirit:file>
        <spirit:name>../../../../ipshared/xilinx.com/proc_common_v4_0/e2794af0/hdl/src/vhdl/pf_counter_bit.vhd</spirit:name>
        <spirit:fileType>vhdlSource</spirit:fileType>
        <spirit:logicalName>proc_common_v4_0</spirit:logicalName>
      </spirit:file>
      <spirit:file>
        <spirit:name>../../../../ipshared/xilinx.com/proc_common_v4_0/e2794af0/hdl/src/vhdl/pf_counter.vhd</spirit:name>
        <spirit:fileType>vhdlSource</spirit:fileType>
        <spirit:logicalName>proc_common_v4_0</spirit:logicalName>
      </spirit:file>
      <spirit:file>
        <spirit:name>../../../../ipshared/xilinx.com/proc_common_v4_0/e2794af0/hdl/src/vhdl/pf_counter_top.vhd</spirit:name>
        <spirit:fileType>vhdlSource</spirit:fileType>
        <spirit:logicalName>proc_common_v4_0</spirit:logicalName>
      </spirit:file>
      <spirit:file>
        <spirit:name>../../../../ipshared/xilinx.com/proc_common_v4_0/e2794af0/hdl/src/vhdl/pf_occ_counter.vhd</spirit:name>
        <spirit:fileType>vhdlSource</spirit:fileType>
        <spirit:logicalName>proc_common_v4_0</spirit:logicalName>
      </spirit:file>
      <spirit:file>
        <spirit:name>../../../../ipshared/xilinx.com/proc_common_v4_0/e2794af0/hdl/src/vhdl/pf_occ_counter_top.vhd</spirit:name>
        <spirit:fileType>vhdlSource</spirit:fileType>
        <spirit:logicalName>proc_common_v4_0</spirit:logicalName>
      </spirit:file>
      <spirit:file>
        <spirit:name>../../../../ipshared/xilinx.com/proc_common_v4_0/e2794af0/hdl/src/vhdl/pf_dpram_select.vhd</spirit:name>
        <spirit:fileType>vhdlSource</spirit:fileType>
        <spirit:logicalName>proc_common_v4_0</spirit:logicalName>
      </spirit:file>
      <spirit:file>
        <spirit:name>../../../../ipshared/xilinx.com/proc_common_v4_0/e2794af0/hdl/src/vhdl/pselect.vhd</spirit:name>
        <spirit:fileType>vhdlSource</spirit:fileType>
        <spirit:logicalName>proc_common_v4_0</spirit:logicalName>
      </spirit:file>
      <spirit:file>
        <spirit:name>../../../../ipshared/xilinx.com/proc_common_v4_0/e2794af0/hdl/src/vhdl/pselect_mask.vhd</spirit:name>
        <spirit:fileType>vhdlSource</spirit:fileType>
        <spirit:logicalName>proc_common_v4_0</spirit:logicalName>
      </spirit:file>
      <spirit:file>
        <spirit:name>../../../../ipshared/xilinx.com/proc_common_v4_0/e2794af0/hdl/src/vhdl/srl16_fifo.vhd</spirit:name>
        <spirit:fileType>vhdlSource</spirit:fileType>
        <spirit:logicalName>proc_common_v4_0</spirit:logicalName>
      </spirit:file>
      <spirit:file>
        <spirit:name>../../../../ipshared/xilinx.com/proc_common_v4_0/e2794af0/hdl/src/vhdl/srl_fifo.vhd</spirit:name>
        <spirit:fileType>vhdlSource</spirit:fileType>
        <spirit:logicalName>proc_common_v4_0</spirit:logicalName>
      </spirit:file>
      <spirit:file>
        <spirit:name>../../../../ipshared/xilinx.com/proc_common_v4_0/e2794af0/hdl/src/vhdl/srl_fifo2.vhd</spirit:name>
        <spirit:fileType>vhdlSource</spirit:fileType>
        <spirit:logicalName>proc_common_v4_0</spirit:logicalName>
      </spirit:file>
      <spirit:file>
        <spirit:name>../../../../ipshared/xilinx.com/proc_common_v4_0/e2794af0/hdl/src/vhdl/srl_fifo3.vhd</spirit:name>
        <spirit:fileType>vhdlSource</spirit:fileType>
        <spirit:logicalName>proc_common_v4_0</spirit:logicalName>
      </spirit:file>
      <spirit:file>
        <spirit:name>../../../../ipshared/xilinx.com/proc_common_v4_0/e2794af0/hdl/src/vhdl/srl_fifo_rbu.vhd</spirit:name>
        <spirit:fileType>vhdlSource</spirit:fileType>
        <spirit:logicalName>proc_common_v4_0</spirit:logicalName>
      </spirit:file>
      <spirit:file>
        <spirit:name>../../../../ipshared/xilinx.com/proc_common_v4_0/e2794af0/hdl/src/vhdl/valid_be.vhd</spirit:name>
        <spirit:fileType>vhdlSource</spirit:fileType>
        <spirit:logicalName>proc_common_v4_0</spirit:logicalName>
      </spirit:file>
      <spirit:file>
        <spirit:name>../../../../ipshared/xilinx.com/proc_common_v4_0/e2794af0/hdl/src/vhdl/or_with_enable_f.vhd</spirit:name>
        <spirit:fileType>vhdlSource</spirit:fileType>
        <spirit:logicalName>proc_common_v4_0</spirit:logicalName>
      </spirit:file>
      <spirit:file>
        <spirit:name>../../../../ipshared/xilinx.com/proc_common_v4_0/e2794af0/hdl/src/vhdl/muxf_struct_f.vhd</spirit:name>
        <spirit:fileType>vhdlSource</spirit:fileType>
        <spirit:logicalName>proc_common_v4_0</spirit:logicalName>
      </spirit:file>
      <spirit:file>
        <spirit:name>../../../../ipshared/xilinx.com/proc_common_v4_0/e2794af0/hdl/src/vhdl/cntr_incr_decr_addn_f.vhd</spirit:name>
        <spirit:fileType>vhdlSource</spirit:fileType>
        <spirit:logicalName>proc_common_v4_0</spirit:logicalName>
      </spirit:file>
      <spirit:file>
        <spirit:name>../../../../ipshared/xilinx.com/proc_common_v4_0/e2794af0/hdl/src/vhdl/dynshreg_f.vhd</spirit:name>
        <spirit:fileType>vhdlSource</spirit:fileType>
        <spirit:logicalName>proc_common_v4_0</spirit:logicalName>
      </spirit:file>
      <spirit:file>
        <spirit:name>../../../../ipshared/xilinx.com/proc_common_v4_0/e2794af0/hdl/src/vhdl/dynshreg_i_f.vhd</spirit:name>
        <spirit:fileType>vhdlSource</spirit:fileType>
        <spirit:logicalName>proc_common_v4_0</spirit:logicalName>
      </spirit:file>
      <spirit:file>
        <spirit:name>../../../../ipshared/xilinx.com/proc_common_v4_0/e2794af0/hdl/src/vhdl/mux_onehot_f.vhd</spirit:name>
        <spirit:fileType>vhdlSource</spirit:fileType>
        <spirit:logicalName>proc_common_v4_0</spirit:logicalName>
      </spirit:file>
      <spirit:file>
        <spirit:name>../../../../ipshared/xilinx.com/proc_common_v4_0/e2794af0/hdl/src/vhdl/srl_fifo_rbu_f.vhd</spirit:name>
        <spirit:fileType>vhdlSource</spirit:fileType>
        <spirit:logicalName>proc_common_v4_0</spirit:logicalName>
      </spirit:file>
      <spirit:file>
        <spirit:name>../../../../ipshared/xilinx.com/proc_common_v4_0/e2794af0/hdl/src/vhdl/srl_fifo_f.vhd</spirit:name>
        <spirit:fileType>vhdlSource</spirit:fileType>
        <spirit:logicalName>proc_common_v4_0</spirit:logicalName>
      </spirit:file>
      <spirit:file>
        <spirit:name>../../../../ipshared/xilinx.com/proc_common_v4_0/e2794af0/hdl/src/vhdl/compare_vectors_f.vhd</spirit:name>
        <spirit:fileType>vhdlSource</spirit:fileType>
        <spirit:logicalName>proc_common_v4_0</spirit:logicalName>
      </spirit:file>
      <spirit:file>
        <spirit:name>../../../../ipshared/xilinx.com/proc_common_v4_0/e2794af0/hdl/src/vhdl/pselect_f.vhd</spirit:name>
        <spirit:fileType>vhdlSource</spirit:fileType>
        <spirit:logicalName>proc_common_v4_0</spirit:logicalName>
      </spirit:file>
      <spirit:file>
        <spirit:name>../../../../ipshared/xilinx.com/proc_common_v4_0/e2794af0/hdl/src/vhdl/counter_f.vhd</spirit:name>
        <spirit:fileType>vhdlSource</spirit:fileType>
        <spirit:logicalName>proc_common_v4_0</spirit:logicalName>
      </spirit:file>
      <spirit:file>
        <spirit:name>../../../../ipshared/xilinx.com/proc_common_v4_0/e2794af0/hdl/src/vhdl/or_muxcy_f.vhd</spirit:name>
        <spirit:fileType>vhdlSource</spirit:fileType>
        <spirit:logicalName>proc_common_v4_0</spirit:logicalName>
      </spirit:file>
      <spirit:file>
        <spirit:name>../../../../ipshared/xilinx.com/proc_common_v4_0/e2794af0/hdl/src/vhdl/or_gate_f.vhd</spirit:name>
        <spirit:fileType>vhdlSource</spirit:fileType>
        <spirit:logicalName>proc_common_v4_0</spirit:logicalName>
      </spirit:file>
      <spirit:file>
        <spirit:name>../../../../ipshared/xilinx.com/proc_common_v4_0/e2794af0/hdl/src/vhdl/soft_reset.vhd</spirit:name>
        <spirit:fileType>vhdlSource</spirit:fileType>
        <spirit:logicalName>proc_common_v4_0</spirit:logicalName>
      </spirit:file>
      <spirit:file>
        <spirit:name>../../../../ipshared/xilinx.com/proc_common_v4_0/e2794af0/hdl/src/vhdl/cdc_sync.vhd</spirit:name>
        <spirit:fileType>vhdlSource</spirit:fileType>
        <spirit:logicalName>proc_common_v4_0</spirit:logicalName>
      </spirit:file>
      <spirit:vendorExtensions>
        <xilinx:subCoreRef>
          <xilinx:componentRef xilinx:vendor="xilinx.com" xilinx:library="ip" xilinx:name="proc_common" xilinx:version="4.0" xilinx:isGenerated="true" xilinx:checksum="f363c821">
            <xilinx:mode xilinx:name="copy_mode"/>
          </xilinx:componentRef>
        </xilinx:subCoreRef>
      </spirit:vendorExtensions>
    </spirit:fileSet>
    <spirit:fileSet>
      <spirit:name>xilinx_vhdlsynthesis_xilinx_com_ip_axi_lite_ipif_2_0__ref_view_fileset</spirit:name>
      <spirit:file>
        <spirit:name>../../../../ipshared/xilinx.com/axi_lite_ipif_v2_0/82c7a66d/hdl/src/vhdl/address_decoder.vhd</spirit:name>
        <spirit:fileType>vhdlSource</spirit:fileType>
        <spirit:logicalName>axi_lite_ipif_v2_0</spirit:logicalName>
      </spirit:file>
      <spirit:file>
        <spirit:name>../../../../ipshared/xilinx.com/axi_lite_ipif_v2_0/82c7a66d/hdl/src/vhdl/slave_attachment.vhd</spirit:name>
        <spirit:fileType>vhdlSource</spirit:fileType>
        <spirit:logicalName>axi_lite_ipif_v2_0</spirit:logicalName>
      </spirit:file>
      <spirit:file>
        <spirit:name>../../../../ipshared/xilinx.com/axi_lite_ipif_v2_0/82c7a66d/hdl/src/vhdl/axi_lite_ipif.vhd</spirit:name>
        <spirit:fileType>vhdlSource</spirit:fileType>
        <spirit:logicalName>axi_lite_ipif_v2_0</spirit:logicalName>
      </spirit:file>
      <spirit:vendorExtensions>
        <xilinx:subCoreRef>
          <xilinx:componentRef xilinx:vendor="xilinx.com" xilinx:library="ip" xilinx:name="axi_lite_ipif" xilinx:version="2.0" xilinx:isGenerated="true">
            <xilinx:mode xilinx:name="copy_mode"/>
          </xilinx:componentRef>
        </xilinx:subCoreRef>
      </spirit:vendorExtensions>
    </spirit:fileSet>
    <spirit:fileSet>
      <spirit:name>xilinx_vhdlsynthesiswrapper_view_fileset</spirit:name>
      <spirit:file>
        <spirit:name>synth/System_axi_timer_0_0.vhd</spirit:name>
        <spirit:fileType>vhdlSource</spirit:fileType>
        <spirit:logicalName>xil_defaultlib</spirit:logicalName>
      </spirit:file>
    </spirit:fileSet>
  </spirit:fileSets>
  <spirit:description>The AXI Timer/Counter is a 32/64-bit timer module that attaches to the AXI4-Lite interface</spirit:description>
  <spirit:parameters>
    <spirit:parameter>
      <spirit:name>Component_Name</spirit:name>
      <spirit:value spirit:resolve="user" spirit:id="PARAM_VALUE.Component_Name" spirit:order="1">System_axi_timer_0_0</spirit:value>
      <spirit:vendorExtensions>
        <xilinx:parameterInfo>
          <xilinx:enablement>
            <xilinx:isEnabled xilinx:resolve="dependent">true</xilinx:isEnabled>
          </xilinx:enablement>
        </xilinx:parameterInfo>
      </spirit:vendorExtensions>
    </spirit:parameter>
    <spirit:parameter>
      <spirit:name>TRIG0_ASSERT</spirit:name>
      <spirit:displayName>Active state of Capture Trigger</spirit:displayName>
      <spirit:description>Assertion level for capture trigger0. It can be active high or active low</spirit:description>
      <spirit:value spirit:resolve="user" spirit:id="PARAM_VALUE.TRIG0_ASSERT" spirit:choiceRef="choices_0" spirit:order="1400">Active_High</spirit:value>
      <spirit:vendorExtensions>
        <xilinx:parameterInfo>
          <xilinx:enablement>
            <xilinx:isEnabled xilinx:resolve="dependent">true</xilinx:isEnabled>
          </xilinx:enablement>
        </xilinx:parameterInfo>
      </spirit:vendorExtensions>
    </spirit:parameter>
    <spirit:parameter>
      <spirit:name>TRIG1_ASSERT</spirit:name>
      <spirit:displayName>Active state of Capture Trigger</spirit:displayName>
      <spirit:description>Assertion level for capture trigger1. It can be active high or active low</spirit:description>
      <spirit:value spirit:resolve="user" spirit:id="PARAM_VALUE.TRIG1_ASSERT" spirit:choiceRef="choices_1" spirit:order="1500">Active_High</spirit:value>
      <spirit:vendorExtensions>
        <xilinx:parameterInfo>
          <xilinx:enablement>
            <xilinx:isEnabled xilinx:resolve="dependent">true</xilinx:isEnabled>
          </xilinx:enablement>
        </xilinx:parameterInfo>
      </spirit:vendorExtensions>
    </spirit:parameter>
    <spirit:parameter>
      <spirit:name>GEN0_ASSERT</spirit:name>
      <spirit:displayName>Active state of Generate Out signal</spirit:displayName>
      <spirit:description>Assertion level for generateout0. It can be active high or active low</spirit:description>
      <spirit:value spirit:resolve="user" spirit:id="PARAM_VALUE.GEN0_ASSERT" spirit:choiceRef="choices_2" spirit:order="1600">Active_High</spirit:value>
      <spirit:vendorExtensions>
        <xilinx:parameterInfo>
          <xilinx:enablement>
            <xilinx:isEnabled xilinx:resolve="dependent">true</xilinx:isEnabled>
          </xilinx:enablement>
        </xilinx:parameterInfo>
      </spirit:vendorExtensions>
    </spirit:parameter>
    <spirit:parameter>
      <spirit:name>GEN1_ASSERT</spirit:name>
      <spirit:displayName>Active state of Generate Out signal</spirit:displayName>
      <spirit:description>Assertion level for generateout1. It can be active high or active low</spirit:description>
      <spirit:value spirit:resolve="user" spirit:id="PARAM_VALUE.GEN1_ASSERT" spirit:choiceRef="choices_3" spirit:order="1700">Active_High</spirit:value>
      <spirit:vendorExtensions>
        <xilinx:parameterInfo>
          <xilinx:enablement>
            <xilinx:isEnabled xilinx:resolve="dependent">true</xilinx:isEnabled>
          </xilinx:enablement>
        </xilinx:parameterInfo>
      </spirit:vendorExtensions>
    </spirit:parameter>
    <spirit:parameter>
      <spirit:name>COUNT_WIDTH</spirit:name>
      <spirit:displayName>Width of the timer/counter (bits)</spirit:displayName>
      <spirit:description>Width of timer can be selected from the range of 8 to 32</spirit:description>
      <spirit:value spirit:format="long" spirit:resolve="user" spirit:id="PARAM_VALUE.COUNT_WIDTH" spirit:choiceRef="choices_4" spirit:order="1200">32</spirit:value>
      <spirit:vendorExtensions>
        <xilinx:parameterInfo>
          <xilinx:enablement>
            <xilinx:isEnabled xilinx:resolve="dependent">true</xilinx:isEnabled>
          </xilinx:enablement>
        </xilinx:parameterInfo>
      </spirit:vendorExtensions>
    </spirit:parameter>
    <spirit:parameter>
      <spirit:name>mode_64bit</spirit:name>
      <spirit:displayName>Enable 64-bit mode</spirit:displayName>
      <spirit:description>This is cascaded mode. The two timer are cascaded to operate as a single 64 bit counter</spirit:description>
      <spirit:value spirit:format="long" spirit:resolve="user" spirit:id="PARAM_VALUE.mode_64bit" spirit:choiceRef="choices_5" spirit:order="1100">0</spirit:value>
      <spirit:vendorExtensions>
        <xilinx:parameterInfo>
          <xilinx:enablement>
            <xilinx:isEnabled xilinx:resolve="dependent">true</xilinx:isEnabled>
          </xilinx:enablement>
        </xilinx:parameterInfo>
      </spirit:vendorExtensions>
    </spirit:parameter>
    <spirit:parameter>
      <spirit:name>enable_timer2</spirit:name>
      <spirit:displayName>Enable Timer 2</spirit:displayName>
      <spirit:description>This enables the second timer.</spirit:description>
      <spirit:value spirit:format="long" spirit:resolve="user" spirit:id="PARAM_VALUE.enable_timer2" spirit:choiceRef="choices_6" spirit:order="1150">1</spirit:value>
      <spirit:vendorExtensions>
        <xilinx:parameterInfo>
          <xilinx:enablement>
            <xilinx:isEnabled xilinx:resolve="dependent">true</xilinx:isEnabled>
          </xilinx:enablement>
        </xilinx:parameterInfo>
      </spirit:vendorExtensions>
    </spirit:parameter>
  </spirit:parameters>
  <spirit:vendorExtensions>
    <xilinx:coreExtensions>
      <xilinx:supportedFamilies>
        <xilinx:family xilinx:lifeCycle="Production">aartix7</xilinx:family>
        <xilinx:family xilinx:lifeCycle="Production">artix7</xilinx:family>
        <xilinx:family xilinx:lifeCycle="Production">artix7l</xilinx:family>
        <xilinx:family xilinx:lifeCycle="Production">azynq</xilinx:family>
        <xilinx:family xilinx:lifeCycle="Production">kintex7</xilinx:family>
        <xilinx:family xilinx:lifeCycle="Production">kintex7l</xilinx:family>
        <xilinx:family xilinx:lifeCycle="Pre-Production">kintexu</xilinx:family>
        <xilinx:family xilinx:lifeCycle="Production">qartix7</xilinx:family>
        <xilinx:family xilinx:lifeCycle="Production">qkintex7</xilinx:family>
        <xilinx:family xilinx:lifeCycle="Production">qkintex7l</xilinx:family>
        <xilinx:family xilinx:lifeCycle="Production">qvirtex7</xilinx:family>
        <xilinx:family xilinx:lifeCycle="Production">qzynq</xilinx:family>
        <xilinx:family xilinx:lifeCycle="Production">virtex7</xilinx:family>
        <xilinx:family xilinx:lifeCycle="Pre-Production">virtexu</xilinx:family>
        <xilinx:family xilinx:lifeCycle="Production">zynq</xilinx:family>
      </xilinx:supportedFamilies>
      <xilinx:taxonomies>
        <xilinx:taxonomy>/Embedded_Processing/AXI_Peripheral/Low_Speed_Peripheral</xilinx:taxonomy>
      </xilinx:taxonomies>
      <xilinx:displayName>AXI Timer</xilinx:displayName>
      <xilinx:vendorURL>http://www.xilinx.com</xilinx:vendorURL>
      <xilinx:coreRevision>5</xilinx:coreRevision>
      <xilinx:upgrades>
        <xilinx:canUpgradeFrom>xilinx.com:ip:axi_timer:1.03.a</xilinx:canUpgradeFrom>
      </xilinx:upgrades>
      <xilinx:coreCreationDateTime>2014-05-30T15:08:57Z</xilinx:coreCreationDateTime>
    </xilinx:coreExtensions>
    <xilinx:packagingInfo>
      <xilinx:xilinxVersion>2014.2</xilinx:xilinxVersion>
      <xilinx:checksum xilinx:scope="busInterfaces" xilinx:value="a57ff70f"/>
      <xilinx:checksum xilinx:scope="fileGroups" xilinx:value="dca6d532"/>
      <xilinx:checksum xilinx:scope="ports" xilinx:value="adde3d69"/>
      <xilinx:checksum xilinx:scope="hdlParameters" xilinx:value="a1ce96af"/>
      <xilinx:checksum xilinx:scope="parameters" xilinx:value="3e634f0f"/>
    </xilinx:packagingInfo>
  </spirit:vendorExtensions>
</spirit:component>
