<?xml version="1.0" encoding="UTF-8"?>
<GenRun Id="impl_1" LaunchPart="xc7a100tcsg324-1" LaunchTime="1523973828">
  <File Type="RUN-CONSTRS" Name="$PDATADIR/runs/impl_1/constrs_in.xml"/>
  <File Type="PWROPT-DCP" Name="System_wrapper_pwropt.dcp"/>
  <File Type="RUN-STRAT" Name="$PDATADIR/runs/impl_1/impl_1.psg"/>
  <File Type="OPT-DRC" Name="System_wrapper_drc_opted.rpt"/>
  <File Type="ROUTE-TIMING-PB" Name="System_wrapper_timing_summary_routed.pb"/>
  <File Type="PA-TCL" Name="System_wrapper.tcl"/>
  <File Type="OPT-DCP" Name="System_wrapper_opt.dcp"/>
  <File Type="PWROPT-DRC" Name="System_wrapper_drc_pwropted.rpt"/>
  <File Type="PLACE-DCP" Name="System_wrapper_placed.dcp"/>
  <File Type="PLACE-IO" Name="System_wrapper_io_placed.rpt"/>
  <File Type="PLACE-CLK" Name="System_wrapper_clock_utilization_placed.rpt"/>
  <File Type="PLACE-UTIL" Name="System_wrapper_utilization_placed.rpt"/>
  <File Type="PLACE-UTIL-PB" Name="System_wrapper_utilization_placed.pb"/>
  <File Type="PLACE-CTRL" Name="System_wrapper_control_sets_placed.rpt"/>
  <File Type="PLACE-SIMILARITY" Name="System_wrapper_incremental_reuse_placed.rpt"/>
  <File Type="PLACE-PRE-SIMILARITY" Name="System_wrapper_incremental_reuse_pre_placed.rpt"/>
  <File Type="POSTPLACE-PWROPT-DCP" Name="System_wrapper_postplace_pwropt.dcp"/>
  <File Type="PHYSOPT-DCP" Name="System_wrapper_physopt.dcp"/>
  <File Type="PHYSOPT-DRC" Name="System_wrapper_drc_physopted.rpt"/>
  <File Type="ROUTE-DCP" Name="System_wrapper_routed.dcp"/>
  <File Type="ROUTE-DRC" Name="System_wrapper_drc_routed.rpt"/>
  <File Type="ROUTE-DRC-PB" Name="System_wrapper_drc_routed.pb"/>
  <File Type="ROUTE-PWR" Name="System_wrapper_power_routed.rpt"/>
  <File Type="ROUTE-PWR-SUM" Name="System_wrapper_power_summary_routed.pb"/>
  <File Type="ROUTE-STATUS" Name="System_wrapper_route_status.rpt"/>
  <File Type="ROUTE-STATUS-PB" Name="System_wrapper_route_status.pb"/>
  <File Type="ROUTE-TIMINGSUMMARY" Name="System_wrapper_timing_summary_routed.rpt"/>
  <File Type="ROUTE-SIMILARITY" Name="System_wrapper_incremental_reuse_routed.rpt"/>
  <File Type="POSTROUTE-PHYSOPT-DCP" Name="System_wrapper_postroute_physopt.dcp"/>
  <File Type="POSTROUTE-PHYSOPT-TIMING" Name="System_wrapper_timing_summary_postroute_physopted.rpt"/>
  <File Type="RDI-RDI" Name="System_wrapper.vdi"/>
  <File Type="POSTROUTE-PHYSOPT-TIMING-PB" Name="System_wrapper_timing_summary_postroute_physopted.pb"/>
  <File Type="BG-BIT" Name="System_wrapper.bit"/>
  <File Type="BG-BIN" Name="System_wrapper.bin"/>
  <File Type="BITSTR-MSK" Name="System_wrapper.msk"/>
  <File Type="BITSTR-RBT" Name="System_wrapper.rbt"/>
  <File Type="BITSTR-NKY" Name="System_wrapper.nky"/>
  <File Type="BITSTR-BMM" Name="System_wrapper_bd.bmm"/>
  <File Type="BITSTR-MMI" Name="System_wrapper.mmi"/>
  <File Type="BITSTR-SYSDEF" Name="System_wrapper.sysdef"/>
  <File Type="BG-BGN" Name="System_wrapper.bgn"/>
  <File Type="BG-DRC" Name="System_wrapper.drc"/>
  <File Type="WBT-USG" Name="usage_statistics_webtalk.html"/>
  <FileSet Name="constrs_in" Type="Constrs" RelSrcDir="$PSRCDIR/constrs_1">
    <Filter Type="Constrs"/>
    <File Path="$PSRCDIR/constrs_1/imports/Labo1/Nexys4_Master(1).xdc">
      <FileInfo>
        <Attr Name="Library" Val="xil_defaultlib"/>
        <Attr Name="ImportPath" Val="H:/Fase 2/Sem 2/Embed proc/Labo1/Nexys4_Master(1).xdc"/>
        <Attr Name="ImportTime" Val="1519139084"/>
        <Attr Name="UsedIn" Val="synthesis"/>
        <Attr Name="UsedIn" Val="implementation"/>
      </FileInfo>
    </File>
    <Config>
      <Option Name="ConstrsType" Val="XDC"/>
    </Config>
  </FileSet>
  <Strategy Version="1" Minor="2">
    <StratHandle Name="Vivado Implementation Defaults" Flow="Vivado Implementation 2014"/>
    <Step Id="init_design"/>
    <Step Id="opt_design"/>
    <Step Id="power_opt_design"/>
    <Step Id="place_design"/>
    <Step Id="post_place_power_opt_design"/>
    <Step Id="phys_opt_design"/>
    <Step Id="route_design"/>
    <Step Id="post_route_phys_opt_design"/>
    <Step Id="write_bitstream"/>
  </Strategy>
</GenRun>
